customer_id,n_orders,n_promo,n_codes,total_discount,promo_rate,priority,max_single_discount,pct_from_max_single_order,single_order_driven,if_score_percentile,vae_rank_pct,lof_score_percentile
0042d66c48b33371,25,22,10,738000.0,0.88,"Trung bình - nghi săn nhiều mã, cần domain expert xác nhận",50000.0,0.067750677506775,False,0.00410955302466532,0.06217142151668231,0.4760337040504532
012e572e6b7ff919,33,31,15,700000.0,0.9393939393939394,"Trung bình - nghi săn nhiều mã, cần domain expert xác nhận",44000.0,0.0628571428571428,False,0.0014437734270242835,0.08687789426274395,0.27894319900410497
0252ff7063f887c8,33,32,19,839000.0,0.9696969696969696,"Trung bình - nghi săn nhiều mã, cần domain expert xác nhận",50000.0,0.0595947556615017,False,0.0003703741808043293,0.05619056437480496,0.18070944945707032
02da30253015bd1f,102,99,26,1407000.0,0.9705882352941176,"Trung bình - nghi săn nhiều mã, cần domain expert xác nhận",50000.0,0.0355366027007818,False,8.68778942627439e-05,0.004128986237855625,0.012854498960323094
0330318f8226874e,21,17,3,690000.0,0.8095238095238095,"Trung bình - nghi săn nhiều mã, cần domain expert xác nhận",80000.0,0.1159420289855072,False,0.009019297180698018,0.014794390888795195,0.040322774239789846
0343be259256f03c,32,26,10,1055000.0,0.8125,"Trung bình - nghi săn nhiều mã, cần domain expert xác nhận",50000.0,0.0473933649289099,False,0.002144512232064573,0.008255686215336011,0.3047082103039469
041cb14cd9302397,30,26,18,773000.0,0.8666666666666667,"Trung bình - nghi săn nhiều mã, cần domain expert xác nhận",50000.0,0.0646830530401035,False,0.0002011909130295122,0.004469639033780615,0.03764213394970913
05d3076f3fc02b40,29,25,9,1033000.0,0.8620689655172413,"Trung bình - nghi săn nhiều mã, cần domain expert xác nhận",50000.0,0.0484027105517909,False,0.0012208630404290854,0.015994677585846273,0.2402516715421169
05d30bc2e4f8fad9,27,25,4,792000.0,0.925925925925926,"Trung bình - nghi săn nhiều mã, cần domain expert xác nhận",50000.0,0.0631313131313131,False,0.006974237274960534,0.04445633299839624,0.2668477384883932
063b491f8e855795,27,23,6,739000.0,0.8518518518518519,"Trung bình - nghi săn nhiều mã, cần domain expert xác nhận",50000.0,0.06765899864682,False,0.006866783037319771,0.21158653895616208,0.49868368558890064
06bcb3d0402c09a7,28,24,5,935000.0,0.8571428571428571,"Trung bình - nghi săn nhiều mã, cần domain expert xác nhận",50000.0,0.053475935828877,False,0.007646397825309131,0.046500249773945956,0.2321594529436174
07388ec6d0654e3b,38,33,7,1031000.0,0.868421052631579,"Trung bình - nghi săn nhiều mã, cần domain expert xác nhận",50000.0,0.0484966052376333,False,0.0006058589994638719,0.008475167211368206,0.49080980485624565
07fc21970cd5eb35,25,24,4,796000.0,0.96,"Trung bình - nghi săn nhiều mã, cần domain expert xác nhận",50000.0,0.0628140703517587,False,0.010381908364397896,0.025746721216839186,0.1847961398779823
09c92f3a5183fa09,30,25,6,955000.0,0.8333333333333334,"Trung bình - nghi săn nhiều mã, cần domain expert xác nhận",50000.0,0.0523560209424083,False,0.0011305557556033385,0.020164816510457872,0.24679380560613906
0a5a8c88fab1d577,35,31,6,747000.0,0.8857142857142857,"Trung bình - nghi săn nhiều mã, cần domain expert xác nhận",50000.0,0.0669344042838018,False,0.0006344372541555641,0.03327423350263092,0.9198780051463721
0a96704f4dfbf3dc,18,17,3,703000.0,0.9444444444444444,"Trung bình - nghi săn nhiều mã, cần domain expert xác nhận",50000.0,0.0711237553342816,False,0.0170212084943718,0.04460493992279302,0.062045677196038825
0af7ddcc8b252bdf,14,14,13,928000.0,1.0,"Trung bình - nghi săn nhiều mã, cần domain expert xác nhận",100000.0,0.1077586206896551,False,0.0012814489403754725,0.036319532322577674,0.010062975042038612
0ba3171ca04f7aad,29,27,3,771000.0,0.9310344827586208,"Trung bình - nghi săn nhiều mã, cần domain expert xác nhận",50000.0,0.0648508430609598,False,0.003832915519249741,0.017921995082253894,0.12038418319347136
0bae21895b85046c,22,18,6,878000.0,0.8181818181818182,"Trung bình - nghi săn nhiều mã, cần domain expert xác nhận",50000.0,0.0569476082004555,False,0.009139325850403125,0.13268426401277567,0.027773491039574025
0be1d755d678d06b,37,35,19,681000.0,0.945945945945946,"Trung bình - nghi săn nhiều mã, cần domain expert xác nhận",38000.0,0.0558002936857562,False,0.0004824009391957622,0.12297908871947705,0.05622257202005965
0c39eb3452b12d9b,21,19,4,701000.0,0.9047619047619048,"Trung bình - nghi săn nhiều mã, cần domain expert xác nhận",80000.0,0.1141226818830242,False,0.004937179280536722,0.12959781250607283,0.05445529274992541
0c758bc5a8abd8bf,35,32,12,774000.0,0.9142857142857144,"Trung bình - nghi săn nhiều mã, cần domain expert xác nhận",50000.0,0.0645994832041343,False,0.0009499411859518445,0.2006582143620591,0.39536414983693247
0d1f782ebcb9073b,24,24,17,752000.0,1.0,"Trung bình - nghi săn nhiều mã, cần domain expert xác nhận",50000.0,0.0664893617021276,False,0.0021399397113139023,0.016432496447722933,0.07819696361759551
0d3cdfd550bd1aa4,55,55,30,827000.0,1.0,"Trung bình - nghi săn nhiều mã, cần domain expert xác nhận",37000.0,0.0447400241837968,False,0.00021490847528152438,0.016012967668848854,0.058944364996896405
0ec9b24ee8567597,63,61,2,1868000.0,0.9682539682539684,Rất cao - nghi tái sử dụng 1 mã / lỗi hệ thống,134000.0,0.0717344753747323,False,3.315077544236281e-05,0.0011922847857374075,0.012837352007508079
0f00804f131477ec,40,34,3,1066000.0,0.85,"Trung bình - nghi săn nhiều mã, cần domain expert xác nhận",42000.0,0.0393996247654784,False,0.0012037160876140702,0.010186433102306713,0.052598849325153095
0f7c4f452502f87e,46,43,23,1021000.0,0.9347826086956522,"Trung bình - nghi săn nhiều mã, cần domain expert xác nhận",71000.0,0.0695396669931439,False,5.7156509383384146e-05,0.007933323502413714,0.028577111561504404
0fcbb1d31f07b7d0,21,17,5,749000.0,0.8095238095238095,"Trung bình - nghi săn nhiều mã, cần domain expert xác nhận",100000.0,0.1335113484646194,False,0.006706744811046296,0.030439270637215077,0.014165669285577926
0fda35456063d99f,25,25,14,766000.0,1.0,"Trung bình - nghi săn nhiều mã, cần domain expert xác nhận",50000.0,0.0652741514360313,False,0.0012768764196248018,0.04776226550113116,0.04580408348965639
10071772da00a282,21,20,2,1087000.0,0.9523809523809524,Rất cao - nghi tái sử dụng 1 mã / lỗi hệ thống,100000.0,0.0919963201471941,False,0.004789715486327591,0.02620854581265697,0.01577291032943869
1091d8fe768524aa,35,32,4,682000.0,0.9142857142857144,"Trung bình - nghi săn nhiều mã, cần domain expert xác nhận",50000.0,0.0733137829912023,False,0.0010905461990349695,0.015159049418661197,0.8588257080834165
10cb13a698e00116,19,19,7,795000.0,1.0,"Trung bình - nghi săn nhiều mã, cần domain expert xác nhận",86000.0,0.1081761006289308,False,0.00859976840182398,0.07431489350027609,0.014413728536301814
13bdea6300d78b69,30,27,9,715000.0,0.9,"Trung bình - nghi săn nhiều mã, cần domain expert xác nhận",50000.0,0.0699300699300699,False,0.000703025065415625,0.09312624386853541,0.028242174416517773
1547899c079a5ff4,20,20,5,861000.0,1.0,"Trung bình - nghi săn nhiều mã, cần domain expert xác nhận",50000.0,0.0580720092915214,False,0.012908226079143475,0.08214362059051816,0.03002545750927936
157957f0e7f462c7,7,6,1,849000.0,0.8571428571428571,Rất cao - nghi tái sử dụng 1 mã / lỗi hệ thống,160000.0,0.1884570082449941,False,0.005714507808150747,0.0142434021383393,0.013322039207079176
15bfc4723986c5c2,23,21,6,805000.0,0.9130434782608696,"Trung bình - nghi săn nhiều mã, cần domain expert xác nhận",50000.0,0.062111801242236,False,0.0055613283630032775,0.04924376222434845,0.2818078832544002
16419b0ca6bd0079,8,8,8,700000.0,1.0,"Trung bình - nghi săn nhiều mã, cần domain expert xác nhận",100000.0,0.1428571428571428,False,0.01607355356879529,0.06095055847625319,0.023732525826168766
171755e0985d91ee,7,7,2,1076000.0,1.0,Rất cao - nghi tái sử dụng 1 mã / lỗi hệ thống,303000.0,0.2815985130111524,False,0.02128279783399692,0.033121054057483446,0.022755149515712895
17836b019fcbe097,30,28,8,1016000.0,0.9333333333333332,"Trung bình - nghi săn nhiều mã, cần domain expert xác nhận",112000.0,0.1102362204724409,False,0.00027092185447724084,0.026631503982094018,0.020520329998822577
187dda438928547d,16,15,2,791000.0,0.9375,Rất cao - nghi tái sử dụng 1 mã / lỗi hệ thống,100000.0,0.1264222503160556,False,0.0037917628324937044,0.024632169283863248,0.01400677418949212
18eebb7e7247bd11,27,27,2,928000.0,1.0,Rất cao - nghi tái sử dụng 1 mã / lỗi hệ thống,77000.0,0.0829741379310344,False,0.0017501323173192225,0.012186910930725214,0.04992849720676139
19c420d3d7e60f75,21,21,1,957000.0,1.0,Rất cao - nghi tái sử dụng 1 mã / lỗi hệ thống,86000.0,0.089864158829676,False,0.005028629695550137,0.005541895149812959,0.024338384825632636
19d8ccb251d42091,65,60,13,1034000.0,0.9230769230769232,"Trung bình - nghi săn nhiều mã, cần domain expert xác nhận",50000.0,0.0483558994197292,False,8.802102445041159e-05,0.0158792214368918,0.03866980798842238
1a3b0d432a081f7f,40,37,11,902000.0,0.925,"Trung bình - nghi săn nhiều mã, cần domain expert xác nhận",50000.0,0.0554323725055432,False,0.00035779974873998473,0.05338189350370548,0.20268955670554453
1a3fc6e5db945054,72,63,45,806000.0,0.875,"Trung bình - nghi săn nhiều mã, cần domain expert xác nhận",40000.0,0.0496277915632754,False,0.00014860692439679876,0.0038306292588744517,0.03987123781566111
1abe0ff8b3f4c334,6,5,1,752000.0,0.8333333333333334,Rất cao - nghi tái sử dụng 1 mã / lỗi hệ thống,211000.0,0.2805851063829787,False,0.017639641925900014,0.08799587558628286,0.035650801162792026
1ae06f987e5ef83d,42,39,25,751000.0,0.9285714285714286,"Trung bình - nghi săn nhiều mã, cần domain expert xác nhận",50000.0,0.066577896138482,False,0.0001886164809651677,0.02126679401136955,0.2159201454976103
1aeee9eb9966c94a,72,70,4,1356000.0,0.9722222222222222,"Trung bình - nghi săn nhiều mã, cần domain expert xác nhận",50000.0,0.0368731563421828,False,0.00015146474986596798,0.0032922149404829293,0.019417209367723263
1b3087ac45b6289a,39,37,26,682000.0,0.9487179487179488,"Trung bình - nghi săn nhiều mã, cần domain expert xác nhận",50000.0,0.0733137829912023,False,0.00020804969415551828,0.005946563236247315,0.02803183846198692
1bbf5326187fbb31,41,40,34,797000.0,0.975609756097561,"Trung bình - nghi săn nhiều mã, cần domain expert xác nhận",50000.0,0.0627352572145545,False,0.0002526317714745579,0.01431884873072542,0.027135624394855458
1d820e228629aa62,19,18,6,779000.0,0.9473684210526316,"Trung bình - nghi săn nhiều mã, cần domain expert xác nhận",113000.0,0.1450577663671373,False,0.000677876201286936,0.013079695607293607,0.014521182773942575
1e082c1ac8974526,29,27,22,698000.0,0.9310344827586208,"Trung bình - nghi săn nhiều mã, cần domain expert xác nhận",50000.0,0.0716332378223495,False,0.0016701132041824847,0.04713125763753856,0.03672648666938732
1eb397649ed3a442,19,18,6,756000.0,0.9473684210526316,"Trung bình - nghi săn nhiều mã, cần domain expert xác nhận",100000.0,0.1322751322751322,False,0.0019844740057910976,0.09947290267046638,0.03274153483517778
1eec8b452d127c3b,24,22,4,846000.0,0.9166666666666666,"Trung bình - nghi săn nhiều mã, cần domain expert xác nhận",50000.0,0.0591016548463357,False,0.010791148971582927,0.017149239075390565,0.2626593094807788
1f5e50bfb10ed993,7,6,1,815000.0,0.8571428571428571,Rất cao - nghi tái sử dụng 1 mã / lỗi hệ thống,149000.0,0.1828220858895705,False,0.015116753601717438,0.03089080706134384,0.028750867350029893
1fe9df831141ec1e,39,36,9,1146000.0,0.9230769230769232,"Trung bình - nghi săn nhiều mã, cần domain expert xác nhận",50000.0,0.0436300174520069,False,0.00017261265833782012,0.06258180525405499,0.08494257485502252
20da39f286a834e2,25,23,5,850000.0,0.92,"Trung bình - nghi săn nhiều mã, cần domain expert xác nhận",50000.0,0.0588235294117647,False,0.004555373797855716,0.08234538306864159,0.24921038282286856
20f0fb56e7906991,20,19,4,875000.0,0.95,"Trung bình - nghi săn nhiều mã, cần domain expert xác nhận",50000.0,0.0571428571428571,False,0.006064305645577058,0.027658034890619576,0.019963625597428414
210fdf6e07cffb42,17,17,4,717000.0,1.0,"Trung bình - nghi săn nhiều mã, cần domain expert xác nhận",53000.0,0.0739191073919107,False,0.018307229955497942,0.11224280999690217,0.05248682256676166
216b61689df17f00,29,29,4,845000.0,1.0,"Trung bình - nghi săn nhiều mã, cần domain expert xác nhận",50000.0,0.059171597633136,False,0.002314838630027058,0.0312680400232741,0.09056220285759685
21950a6ea4ed844f,25,25,13,710000.0,1.0,"Trung bình - nghi săn nhiều mã, cần domain expert xác nhận",50000.0,0.0704225352112676,False,0.005709935287400076,0.15509418821181287,0.08647551243668487
223ae822352e1b58,14,12,4,1100000.0,0.8571428571428571,"Trung bình - nghi săn nhiều mã, cần domain expert xác nhận",252000.0,0.2290909090909091,False,0.012202914753352515,0.026600639467026954,0.030725053184131983
22fb3354b31b9f5c,32,31,29,783000.0,0.96875,"Trung bình - nghi săn nhiều mã, cần domain expert xác nhận",50000.0,0.0638569604086845,False,0.00046525398638074694,0.023407876852871157,0.019948764904988734
2351e3bc21fc765c,28,28,8,821000.0,1.0,"Trung bình - nghi săn nhiều mã, cần domain expert xác nhận",50000.0,0.0609013398294762,False,0.0005795670051475152,0.19239566936559704,0.16973197026489756
23b5773925b77be2,11,11,6,885000.0,1.0,"Trung bình - nghi săn nhiều mã, cần domain expert xác nhận",160000.0,0.1807909604519774,False,0.0010048114349598932,0.011794817276355118,0.018023733668956356
244b578b9654424e,16,15,8,725000.0,0.9375,"Trung bình - nghi săn nhiều mã, cần domain expert xác nhận",213000.0,0.2937931034482758,False,0.008078501036247515,0.02846737106348829,0.14299758456591347
2549abee70308079,35,32,11,956000.0,0.9142857142857144,"Trung bình - nghi săn nhiều mã, cần domain expert xác nhận",50000.0,0.0523012552301255,False,0.0009865213519572103,0.05295893533426843,0.23040131871498448
2610752ad3d5f94e,36,31,5,802000.0,0.8611111111111112,"Trung bình - nghi săn nhiều mã, cần domain expert xác nhận",50000.0,0.0623441396508728,False,0.00027549437522791156,0.012025729574264066,0.19788840991734025
26de927c2fb38b37,40,39,24,852000.0,0.975,"Trung bình - nghi săn nhiều mã, cần domain expert xác nhận",50000.0,0.0586854460093896,False,0.00019204587152817074,0.04143846930295347,0.4133501602096958
286a08606fcf8b77,16,13,9,695000.0,0.8125,"Trung bình - nghi săn nhiều mã, cần domain expert xác nhận",312000.0,0.4489208633093525,False,0.0049417518012873935,0.012172050238285492,0.07082263077695129
287dd4428a94936b,27,26,7,838000.0,0.9629629629629628,"Trung bình - nghi săn nhiều mã, cần domain expert xác nhận",50000.0,0.0596658711217183,False,0.0003772329619303354,0.031885330324614714,0.017372149461985776
28cc8ae72986ad27,22,21,4,1045000.0,0.9545454545454546,"Trung bình - nghi săn nhiều mã, cần domain expert xác nhận",94000.0,0.0899521531100478,False,0.005455017255550183,0.035191262827349634,0.01847069757233442
28cce8a5ff46f765,24,21,3,688000.0,0.875,"Trung bình - nghi săn nhiều mã, cần domain expert xác nhận",50000.0,0.0726744186046511,False,0.008718653941341418,0.04051139072075505,0.15654482041996318
28fc3a5e99d9472d,18,16,10,1124000.0,0.8888888888888888,"Trung bình - nghi săn nhiều mã, cần domain expert xác nhận",160000.0,0.1423487544483986,False,0.006874784948633445,0.03004374759228201,0.05089101282477757
2a960e72f4e8a6ab,39,32,14,723000.0,0.8205128205128205,"Trung bình - nghi săn nhiều mã, cần domain expert xác nhận",43000.0,0.0594744121715076,False,0.0006024296089008689,0.015823208057696103,0.13125192188762802
2ae3a3f1742e7a00,46,41,4,837000.0,0.8913043478260869,"Trung bình - nghi săn nhiều mã, cần domain expert xác nhận",40000.0,0.04778972520908,False,0.00012231493008044207,0.011067786476998465,0.04797831710660032
2b050daf507bd7ba,23,23,5,750000.0,1.0,"Trung bình - nghi săn nhiều mã, cần domain expert xác nhận",50000.0,0.0666666666666666,False,0.012854498960323094,0.030399261080646722,0.1130852969452132
2b2cfbb490de9dc6,34,28,18,817000.0,0.8235294117647058,"Trung bình - nghi săn nhiều mã, cần domain expert xác nhận",134000.0,0.1640146878824969,False,5.487024900804878e-05,0.01093404024504141,0.015441402575015062
2c245786220e3cea,13,13,9,1058000.0,1.0,"Trung bình - nghi săn nhiều mã, cần domain expert xác nhận",228000.0,0.2155009451795841,False,0.0006035727390885366,0.005400147006542122,0.010990053624237104
2c4ba604af69d927,49,46,16,1399000.0,0.9387755102040816,"Trung bình - nghi săn nhiều mã, cần domain expert xác nhận",947000.0,0.6769120800571837,True,5.715650938338415e-06,0.0044056237432712475,0.010080121994853627
2c98c2fd2aae189e,26,26,22,689000.0,1.0,"Trung bình - nghi săn nhiều mã, cần domain expert xác nhận",30000.0,0.0435413642960812,False,0.005433297781984497,0.034498525933623014,0.01851527964965346
2cae8306d7946968,47,41,5,742000.0,0.8723404255319149,"Trung bình - nghi săn nhiều mã, cần domain expert xác nhận",50000.0,0.0673854447439353,False,0.00020347717340484756,0.005427582131046105,0.11011887410821557
2d5b32a4ba303566,8,8,2,1016000.0,1.0,Rất cao - nghi tái sử dụng 1 mã / lỗi hệ thống,423000.0,0.4163385826771653,False,0.013223730010939756,0.024270940144560216,0.014321134991100732
2d9edea3207d3a8f,31,29,4,1069000.0,0.935483870967742,"Trung bình - nghi săn nhiều mã, cần domain expert xác nhận",50000.0,0.0467726847521047,False,0.0007590384446113414,0.007921892200537073,0.053740836382633106
2debbd93f59abd47,30,29,21,822000.0,0.9666666666666668,"Trung bình - nghi săn nhiều mã, cần domain expert xác nhận",100000.0,0.121654501216545,False,0.0003155039317962805,0.03929967272182722,0.015598011410725534
2e78fcee0dc0be1d,43,38,7,1022000.0,0.8837209302325582,"Trung bình - nghi săn nhiều mã, cần domain expert xác nhận",50000.0,0.0489236790606653,False,0.00021605160546919207,0.04166366594992399,0.20607665145160386
2eb52f542b0e0d4d,26,25,9,897000.0,0.9615384615384616,"Trung bình - nghi săn nhiều mã, cần domain expert xác nhận",50000.0,0.0557413600891861,False,0.0012094317385524084,0.017998584804827633,0.1534412219604454
2f969fac9a9a404a,47,39,4,1020000.0,0.8297872340425532,"Trung bình - nghi săn nhiều mã, cần domain expert xác nhận",80000.0,0.0784313725490196,False,0.00017032639796248477,0.0051738072293839865,0.02201897367485491
30d3e4200b69ff59,17,17,4,767000.0,1.0,"Trung bình - nghi săn nhiều mã, cần domain expert xác nhận",50000.0,0.0651890482398957,False,0.012805344362253383,0.0839869180181323,0.029636793245472345
315bc2534b91dde4,19,19,1,729000.0,1.0,Rất cao - nghi tái sử dụng 1 mã / lỗi hệ thống,63000.0,0.0864197530864197,False,0.00365573034016125,0.005014912133298077,0.016170719634747043
34374560ddec0259,16,16,12,1065000.0,1.0,"Trung bình - nghi săn nhiều mã, cần domain expert xác nhận",100000.0,0.0938967136150234,False,0.0013511798818232011,0.0580527234505156,0.01023215830981343
34547ca0f734dbb2,49,49,27,1106000.0,1.0,"Trung bình - nghi săn nhiều mã, cần domain expert xác nhận",50000.0,0.0452079566003616,False,2.286260375335366e-05,0.006155756060590489,0.044216275658985976
3545c4ee5ed3ccd7,30,27,4,1201000.0,0.9,"Trung bình - nghi săn nhiều mã, cần domain expert xác nhận",50000.0,0.041631973355537,False,0.0033185069347992837,0.018709611781556945,0.16088528574253735
357917c07d0773d8,22,22,11,877000.0,1.0,"Trung bình - nghi săn nhiều mã, cần domain expert xác nhận",50000.0,0.057012542759407,False,0.005555612712064939,0.14294271431690542,0.045712633074642975
3661770eeab93f8a,41,37,28,724000.0,0.902439024390244,"Trung bình - nghi săn nhiều mã, cần domain expert xác nhận",50000.0,0.0690607734806629,False,6.34437254155564e-05,0.005449301604611878,0.0976347493286968
36b7431bf16641bf,19,18,15,684000.0,0.9473684210526316,"Trung bình - nghi săn nhiều mã, cần domain expert xác nhận",97000.0,0.141812865497076,False,0.004462780252654634,0.02803984037330054,0.014752095071851448
3720d76e3fed0673,19,19,10,701000.0,1.0,"Trung bình - nghi săn nhiều mã, cần domain expert xác nhận",50000.0,0.0713266761768901,False,0.016565099549492392,0.14467798594178494,0.07231212941148228
38fe767cbd8d6723,9,9,2,951000.0,1.0,Rất cao - nghi tái sử dụng 1 mã / lỗi hệ thống,134000.0,0.1409043112513144,False,0.013812442057588612,0.03817940513791296,0.017397298326114467
39670633bf96fc34,37,34,7,987000.0,0.918918918918919,"Trung bình - nghi săn nhiều mã, cần domain expert xác nhận",50000.0,0.0506585612968591,False,0.0010139564764612347,0.03817597574734999,0.3764990723498527
3a9c2d8f0a34b527,31,29,7,1092000.0,0.935483870967742,"Trung bình - nghi săn nhiều mã, cần domain expert xác nhận",50000.0,0.0457875457875457,False,0.00030978828085794207,0.0199556236861147,0.08410351729727443
3aa4200977035ca2,20,19,7,2829000.0,0.95,"Trung bình - nghi săn nhiều mã, cần domain expert xác nhận",353000.0,0.1247790738776953,False,0.006570712318713841,0.004700551331689562,0.018661600313674923
3b05baed2f86d3b8,52,51,21,777000.0,0.9807692307692308,"Trung bình - nghi săn nhiều mã, cần domain expert xác nhận",68000.0,0.0875160875160875,False,0.00012803058101878048,0.041023513044830096,0.02955563100214794
3b28f9ab4f28b902,37,32,13,671000.0,0.8648648648648649,"Trung bình - nghi săn nhiều mã, cần domain expert xác nhận",50000.0,0.07451564828614,False,0.0007544659238606708,0.04774054602756539,0.3097459850409984
3bf637e0ab189484,39,33,8,709000.0,0.8461538461538461,"Trung bình - nghi săn nhiều mã, cần domain expert xác nhận",50000.0,0.0705218617771509,False,0.0004023818260590244,0.12892222256516128,0.8462432741077583
3c0b4b9987254c1c,34,31,9,703000.0,0.9117647058823528,"Trung bình - nghi săn nhiều mã, cần domain expert xác nhận",50000.0,0.0711237553342816,False,0.0010425347311529267,0.09561598141727568,0.4960110472101336
3c8bdf46707bf534,21,17,3,724000.0,0.8095238095238095,"Trung bình - nghi săn nhiều mã, cần domain expert xác nhận",50000.0,0.0690607734806629,False,0.013556380895551052,0.014212537623272348,0.10613277914381836
3d397843c8954b82,25,21,9,736000.0,0.84,"Trung bình - nghi săn nhiều mã, cần domain expert xác nhận",62000.0,0.0842391304347826,False,0.004571377620483064,0.05685700927421522,0.33711023547338737
3d770e3fd664a4a9,27,24,4,830000.0,0.8888888888888888,"Trung bình - nghi săn nhiều mã, cần domain expert xác nhận",80000.0,0.0963855421686747,False,0.0017901418738875915,0.025580967339627447,0.05068182000043439
3dc8ed1972acdb51,31,28,3,870000.0,0.9032258064516128,"Trung bình - nghi săn nhiều mã, cần domain expert xác nhận",50000.0,0.057471264367816,False,0.0019604682718500762,0.006878214339196442,0.11169182124644629
3fc889bea23cc1a5,26,21,5,816000.0,0.8076923076923077,"Trung bình - nghi săn nhiều mã, cần domain expert xác nhận",50000.0,0.0612745098039215,False,0.007924178460912378,0.033634319511746225,0.2961724571926323
40a8a0f3d8a679e4,24,23,3,677000.0,0.9583333333333334,"Trung bình - nghi săn nhiều mã, cần domain expert xác nhận",50000.0,0.0738552437223042,False,0.005946563236247287,0.020374009334801158,0.12082771770628642
40e40e0650da5162,30,27,9,686000.0,0.9,"Trung bình - nghi săn nhiều mã, cần domain expert xác nhận",50000.0,0.0728862973760933,False,0.0027995258295981556,0.16866771606017894,0.06989783845512813
417214ccf1ed5983,36,33,16,690000.0,0.9166666666666666,"Trung bình - nghi săn nhiều mã, cần domain expert xác nhận",54000.0,0.0782608695652174,False,0.0005704219636461738,0.017591630458017926,0.3039857520253409
441fb4d1592c46ac,35,33,4,970000.0,0.9428571428571428,"Trung bình - nghi săn nhiều mã, cần domain expert xác nhận",50000.0,0.0515463917525773,False,0.001503216196783003,0.024091468705096375,0.18299342357203036
44a2d4efdbeec451,30,30,23,675000.0,1.0,"Trung bình - nghi săn nhiều mã, cần domain expert xác nhận",44000.0,0.0651851851851851,False,0.0010356759500269206,0.023978298816517363,0.04729701151475038
459ff184530a243b,28,28,2,1533000.0,1.0,Rất cao - nghi tái sử dụng 1 mã / lỗi hệ thống,100000.0,0.0652315720808871,False,0.0011579908801073629,0.007631537132869459,0.014092508953567194
462a92a9df134fc1,17,16,1,1414000.0,0.9411764705882352,Rất cao - nghi tái sử dụng 1 mã / lỗi hệ thống,100000.0,0.0707213578500707,False,0.008940421197748948,0.004819436871207006,0.014761240113352789
46f4fc4d9c8b92c3,17,16,4,687000.0,0.9411764705882352,"Trung bình - nghi săn nhiều mã, cần domain expert xác nhận",50000.0,0.0727802037845705,False,0.039730632802577985,0.061408953681507894,0.03948828920279244
475348a7b197cf5c,12,10,4,1461000.0,0.8333333333333334,"Trung bình - nghi săn nhiều mã, cần domain expert xác nhận",231000.0,0.1581108829568788,False,0.012686458822735945,0.026438314980378186,0.051551742073249494
47613426b9363847,32,31,8,746000.0,0.96875,"Trung bình - nghi săn nhiều mã, cần domain expert xác nhận",50000.0,0.067024128686327,False,0.0025377490166222563,0.043788744968798254,0.4961104995364607
478ed6c1dd942098,30,29,5,713000.0,0.9666666666666668,"Trung bình - nghi săn nhiều mã, cần domain expert xác nhận",80000.0,0.1122019635343618,False,0.0007304601899196494,0.07189145750242054,0.04142132235013849
48d6b5f37d497f5d,33,31,6,1375000.0,0.9393939393939394,"Trung bình - nghi săn nhiều mã, cần domain expert xác nhận",50000.0,0.0363636363636363,False,0.0016232448664881098,0.013382625107025592,0.09690657539915248
497960e0c9c31287,20,20,9,707000.0,1.0,"Trung bình - nghi săn nhiều mã, cần domain expert xác nhận",50000.0,0.0707213578500707,False,0.017624781233460333,0.13519229164451851,0.10564237629330891
4a19e2d030f65669,32,31,12,1089000.0,0.96875,"Trung bình - nghi săn nhiều mã, cần domain expert xác nhận",50000.0,0.0459136822773186,False,0.0010299602990885824,0.05006681595946916,0.15082916948162475
4aafcb8556ea4018,31,27,20,792000.0,0.8709677419354839,"Trung bình - nghi săn nhiều mã, cần domain expert xác nhận",50000.0,0.0631313131313131,False,0.0011442733178553507,0.05023599922724398,0.048172649238503826
4ae27b6078889453,58,52,36,750000.0,0.896551724137931,"Trung bình - nghi săn nhiều mã, cần domain expert xác nhận",284000.0,0.3786666666666666,False,8.00191131367378e-06,0.0010128133462735667,0.010786576450832256
4aedfc6d3039b60a,193,183,92,4595000.0,0.9481865284974094,"Trung bình - nghi săn nhiều mã, cần domain expert xác nhận",80000.0,0.0174102285092491,False,6.858781126006098e-06,0.0019101705435926597,0.011217536531582972
4b13685ece2be8ea,50,48,34,919000.0,0.96,"Trung bình - nghi săn nhiều mã, cần domain expert xác nhận",87000.0,0.0946681175190424,False,1.1431301876676829e-06,0.0029801403992496533,0.033668613417376266
4b33e022aee7e60e,28,26,9,962000.0,0.9285714285714286,"Trung bình - nghi săn nhiều mã, cần domain expert xác nhận",50000.0,0.0519750519750519,False,0.0077001249441295124,0.022547099821557337,0.13121191233105964
4bdf49e15daf84a5,28,25,9,872000.0,0.8928571428571429,"Trung bình - nghi săn nhiều mã, cần domain expert xác nhận",50000.0,0.0573394495412844,False,0.0032327721707242074,0.053250433532123664,0.3313717219312956
4cc40faf5cc70298,28,26,7,1357000.0,0.9285714285714286,"Trung bình - nghi săn nhiều mã, cần domain expert xác nhận",100000.0,0.0736919675755342,False,0.0006070021296515397,0.01916915011699938,0.017317279212977727
4d6f7943e7992ab3,23,23,11,707000.0,1.0,"Trung bình - nghi săn nhiều mã, cần domain expert xác nhận",50000.0,0.0707213578500707,False,0.0011385576669170122,0.10624480590220975,0.11417012749330983
4de95f760c15b25b,57,57,31,1048000.0,1.0,"Trung bình - nghi săn nhiều mã, cần domain expert xác nhận",50000.0,0.0477099236641221,False,0.00018975961115283535,0.005260685123646636,0.02281230602509628
4ed05c85ea14ba3e,21,21,2,709000.0,1.0,Rất cao - nghi tái sử dụng 1 mã / lỗi hệ thống,36000.0,0.0507757404795486,False,0.016175292155497713,0.009870929170510467,0.023948577431637957
4f0e06aaa4153d09,36,36,19,1003000.0,1.0,"Trung bình - nghi săn nhiều mã, cần domain expert xác nhận",50000.0,0.0498504486540378,False,0.00044353451281506096,0.053337311426386425,0.028654844414265808
4f2242b499770f1e,25,25,5,885000.0,1.0,"Trung bình - nghi săn nhiều mã, cần domain expert xác nhận",50000.0,0.0564971751412429,False,0.0029229838898662654,0.06234174791464475,0.157095809170419
4f2866a762b6309d,37,34,7,853000.0,0.918918918918919,"Trung bình - nghi săn nhiều mã, cần domain expert xác nhận",50000.0,0.0586166471277842,False,0.00031093141104560974,0.029581922996464338,0.8412283619744602
4f7f4c1947224b7e,47,44,24,971000.0,0.9361702127659576,"Trung bình - nghi săn nhiều mã, cần domain expert xác nhận",50000.0,0.0514933058702368,False,0.00024462986016088415,0.0052343931293302726,0.044872432386707226
4fa5b5d203d31448,28,24,12,734000.0,0.8571428571428571,"Trung bình - nghi săn nhiều mã, cần domain expert xác nhận",50000.0,0.0681198910081744,False,0.0008413438181234146,0.01207259791195836,0.3556826716324242
5249641d0fff7fb8,46,40,5,924000.0,0.8695652173913043,"Trung bình - nghi săn nhiều mã, cần domain expert xác nhận",80000.0,0.0865800865800865,False,0.00039780930530835363,0.01744645292418423,0.018898228262522136
52676a6c76a902c0,38,31,16,801000.0,0.8157894736842105,"Trung bình - nghi săn nhiều mã, cần domain expert xác nhận",146000.0,0.1822721598002497,False,0.00017718517908849084,0.014955572245256343,0.021408542154640366
530d95918bd0760d,27,23,23,2051000.0,0.8518518518518519,"Trung bình - nghi săn nhiều mã, cần domain expert xác nhận",100000.0,0.0487567040468064,False,0.0010219583877749084,0.00633522750005433,0.010300746121073491
5381df4c62831fc4,26,24,5,775000.0,0.9230769230769232,"Trung bình - nghi săn nhiều mã, cần domain expert xác nhận",62000.0,0.08,False,0.00796304488729308,0.05241709162531394,0.4132609960550577
53cd70fe78493a9f,48,46,21,756000.0,0.9583333333333334,"Trung bình - nghi săn nhiều mã, cần domain expert xác nhận",41000.0,0.0542328042328042,False,0.0003395096657373018,0.034862041333301286,0.02732767026638363
5478ee6681134f51,48,43,19,1195000.0,0.8958333333333334,"Trung bình - nghi săn nhiều mã, cần domain expert xác nhận",50000.0,0.0418410041841004,False,1.943321319035061e-05,0.027568870735981466,0.03558335648171963
55205cdd153b3bc8,30,30,8,1157000.0,1.0,"Trung bình - nghi săn nhiều mã, cần domain expert xác nhận",50000.0,0.0432152117545375,False,0.0016895464173728354,0.042569025058556864,0.21413571927466105
55468477cd640e81,13,13,11,674000.0,1.0,"Trung bình - nghi săn nhiều mã, cần domain expert xác nhận",100000.0,0.1483679525222551,False,0.00830827020396872,0.011902271513995921,0.013923325685792378
555013be52a59353,18,17,9,707000.0,0.9444444444444444,"Trung bình - nghi săn nhiều mã, cần domain expert xác nhận",50000.0,0.0707213578500707,False,0.018099180261342423,0.033282235413944594,0.045011894269602684
5626cedc89d7f8a7,22,19,6,864000.0,0.8636363636363636,"Trung bình - nghi săn nhiều mã, cần domain expert xác nhận",50000.0,0.0578703703703703,False,0.009981812798714207,0.13065063540891486,0.039768356098771024
5715f8e841870bc3,42,35,7,981000.0,0.8333333333333334,"Trung bình - nghi săn nhiều mã, cần domain expert xác nhận",50000.0,0.0509683995922528,False,0.00037323200627349847,0.009885789862950078,0.3718705382199863
57785e54ac702f73,22,19,2,692000.0,0.8636363636363636,Rất cao - nghi tái sử dụng 1 mã / lỗi hệ thống,50000.0,0.0722543352601156,False,0.009992100970403216,0.016435925838285903,0.09641045689770471
577e3dd10256eff0,39,33,20,715000.0,0.8461538461538461,"Trung bình - nghi săn nhiều mã, cần domain expert xác nhận",44000.0,0.0615384615384615,False,0.0002834962865415854,0.05083842883614487,0.3214116286061471
580f279620d86062,30,29,12,710000.0,0.9666666666666668,"Trung bình - nghi săn nhiều mã, cần domain expert xác nhận",50000.0,0.0704225352112676,False,0.000306358890294939,0.06980981743067771,0.2141334330142857
584a05bd7306195d,31,28,15,778000.0,0.9032258064516128,"Trung bình - nghi săn nhiều mã, cần domain expert xác nhận",50000.0,0.0642673521850899,False,0.001625531126863445,0.05504286166638661,0.2572420155214217
58efadb936d67148,47,47,1,1354000.0,1.0,Rất cao - nghi tái sử dụng 1 mã / lỗi hệ thống,30000.0,0.0221565731166912,False,0.0011076931518499847,0.0025263177147455407,0.016969767635926752
5910915b689e2a7a,20,18,9,1158000.0,0.9,"Trung bình - nghi săn nhiều mã, cần domain expert xác nhận",171000.0,0.1476683937823834,False,0.005043490387989817,0.031212026644078406,0.09383155519432641
59410befc81c0dfb,17,14,3,783000.0,0.8235294117647058,"Trung bình - nghi săn nhiều mã, cần domain expert xác nhận",149000.0,0.1902937420178799,False,0.009206770531475518,0.020261982576409654,0.12417023037502672
5985aae76aedafd8,52,49,33,733000.0,0.9423076923076924,"Trung bình - nghi săn nhiều mã, cần domain expert xác nhận",50000.0,0.068212824010914,False,0.0002537749016622256,0.004103837373726993,0.0535819412865473
5a684379f6e4356b,24,22,6,958000.0,0.9166666666666666,"Trung bình - nghi săn nhiều mã, cần domain expert xác nhận",50000.0,0.0521920668058455,False,0.010511082075604344,0.02848566114649098,0.328456739952743
5a7cd1356957b215,62,59,12,699000.0,0.9516129032258064,"Trung bình - nghi săn nhiều mã, cần domain expert xác nhận",50000.0,0.0715307582260372,False,0.00013831875270778964,0.01345692856922398,0.010106413989169985
5b8b142217c5a9f4,45,42,6,1549000.0,0.9333333333333332,"Trung bình - nghi săn nhiều mã, cần domain expert xác nhận",50000.0,0.0322788896061975,False,0.00012917371120644818,0.006731893675175016,0.07011503319078499
5bce1fd86260ff35,32,31,16,831000.0,0.96875,"Trung bình - nghi săn nhiều mã, cần domain expert xác nhận",41000.0,0.049338146811071,False,0.0015729471382307317,0.12464234314253342,0.06353288957019448
5be5b53c55a75fbb,30,28,8,701000.0,0.9333333333333332,"Trung bình - nghi săn nhiều mã, cần domain expert xác nhận",50000.0,0.0713266761768901,False,0.0014277696043969359,0.07573809058392234,0.8568423772078131
5c192239fd19fe26,23,21,6,807000.0,0.9130434782608696,"Trung bình - nghi săn nhiều mã, cần domain expert xác nhận",80000.0,0.0991325898389095,False,0.008236253002145656,0.07156337913855992,0.03099254564804622
5c257c2ac0257da8,28,28,8,733000.0,1.0,"Trung bình - nghi săn nhiều mã, cần domain expert xác nhận",39000.0,0.0532060027285129,False,0.0030475850803220426,0.04393849502338276,0.1210437693117556
5c8873b539bf4db1,26,24,3,960000.0,0.9230769230769232,"Trung bình - nghi săn nhiều mã, cần domain expert xác nhận",50000.0,0.0520833333333333,False,0.007696695553566509,0.010619679443432783,0.14321592243175799
5f011ebc4cfaa010,29,26,13,761000.0,0.896551724137931,"Trung bình - nghi săn nhiều mã, cần domain expert xác nhận",50000.0,0.0657030223390276,False,0.0028246746937268443,0.2381197337421167,0.31660247990662915
610b42396f7ee1b2,21,19,5,1633000.0,0.9047619047619048,"Trung bình - nghi săn nhiều mã, cần domain expert xác nhận",121000.0,0.0740967544396815,False,0.0020164816510457925,0.01996591185780372,0.018922233996463155
61f882ceb4384cd2,40,38,10,683000.0,0.95,"Trung bình - nghi săn nhiều mã, cần domain expert xác nhận",33000.0,0.048316251830161,False,0.0013248878875068446,0.04043823038874428,0.05409177735024709
625ee14bf4f58ab5,27,26,7,1062000.0,0.9629629629629628,"Trung bình - nghi săn nhiều mã, cần domain expert xác nhận",100000.0,0.0941619585687382,False,0.0008264831256837347,0.020100801219948505,0.022098992787991645
629b258efd420309,71,67,54,1332000.0,0.943661971830986,"Trung bình - nghi săn nhiều mã, cần domain expert xác nhận",50000.0,0.0375375375375375,False,1.600382262734756e-05,0.0037963353532444177,0.018458123140270077
62ed356c0b423371,13,13,4,852000.0,1.0,"Trung bình - nghi săn nhiều mã, cần domain expert xác nhận",100000.0,0.1173708920187793,False,0.015309942603433277,0.048465290566546804,0.017028067275497806
646550e6cf52c6dd,10,10,1,788000.0,1.0,Rất cao - nghi tái sử dụng 1 mã / lỗi hệ thống,100000.0,0.1269035532994923,False,0.005449301604611844,0.012286363257052235,0.011792531015979817
6493cbd9a212c8c4,27,22,3,692000.0,0.8148148148148148,"Trung bình - nghi săn nhiều mã, cần domain expert xác nhận",50000.0,0.0722543352601156,False,0.007830441785523628,0.03574339470799315,0.3450469883663641
64a640494f240d63,29,26,4,845000.0,0.896551724137931,"Trung bình - nghi săn nhiều mã, cần domain expert xác nhận",50000.0,0.059171597633136,False,0.0012745901592494664,0.015584293848473485,0.16388943187572802
64af7467cb1ab134,28,24,3,670000.0,0.8571428571428571,"Trung bình - nghi săn nhiều mã, cần domain expert xác nhận",50000.0,0.0746268656716417,False,0.0009110747595711433,0.009728037897052011,0.1272589681421048
65dcb0f8f5402638,20,18,8,689000.0,0.9,"Trung bình - nghi săn nhiều mã, cần domain expert xác nhận",65000.0,0.0943396226415094,False,0.0010859736782842988,0.0309731124348559,0.13208983631518842
6645296ad1ab2121,11,9,2,951000.0,0.8181818181818182,Rất cao - nghi tái sử dụng 1 mã / lỗi hệ thống,133000.0,0.1398527865404837,False,0.0027949533088474847,0.010461927477534605,0.01454404537769593
666b6f22676c9f74,37,34,6,911000.0,0.918918918918919,"Trung bình - nghi săn nhiều mã, cần domain expert xác nhận",50000.0,0.0548847420417124,False,0.00041266999774803356,0.01693318746992134,0.8731251236009515
66d875dc887f9ad4,26,23,6,736000.0,0.8846153846153846,"Trung bình - nghi săn nhiều mã, cần domain expert xác nhận",50000.0,0.0679347826086956,False,0.009994387230778551,0.10295487722210217,0.5504960613449383
69bc51ae419557aa,35,35,5,777000.0,1.0,"Trung bình - nghi săn nhiều mã, cần domain expert xác nhận",100000.0,0.1287001287001287,False,0.00020919282434318597,0.01763506940514936,0.02013280886520323
6a0f2a4a1cd75240,88,83,44,2318000.0,0.9431818181818182,"Trung bình - nghi săn nhiều mã, cần domain expert xác nhận",78000.0,0.0336496980155306,False,9.145041501341463e-06,0.003275067987667857,0.014971576067883643
6a4c360150ef33de,35,31,4,984000.0,0.8857142857142857,"Trung bình - nghi săn nhiều mã, cần domain expert xác nhận",50000.0,0.0508130081300813,False,0.00038523487324400914,0.01207488417233371,0.05772578821684265
6a61cee3f0522daa,23,21,4,734000.0,0.9130434782608696,"Trung bình - nghi săn nhiều mã, cần domain expert xác nhận",50000.0,0.0681198910081744,False,0.0072760236445048015,0.021462269273460732,0.1909461802876344
6a75b725c8728c7e,23,22,9,813000.0,0.9565217391304348,"Trung bình - nghi săn nhiều mã, cần domain expert xác nhận",50000.0,0.06150061500615,False,0.0121469013741568,0.04816921984794087,0.1318966473134726
6b4a172d6162cc8d,24,21,7,684000.0,0.875,"Trung bình - nghi săn nhiều mã, cần domain expert xác nhận",46000.0,0.067251461988304,False,0.010958045978982409,0.051775795590032314,0.4925587940433772
6bcc612922635356,20,20,1,1339000.0,1.0,Rất cao - nghi tái sử dụng 1 mã / lỗi hệ thống,100000.0,0.0746825989544436,False,0.004641108561930792,0.004658255514745857,0.019133713081181676
6c221af6c7985219,31,31,6,767000.0,1.0,"Trung bình - nghi săn nhiều mã, cần domain expert xác nhận",50000.0,0.0651890482398957,False,0.0023811401809117833,0.09009466261084076,0.23331058504259874
6c630727bdf08356,20,20,8,818000.0,1.0,"Trung bình - nghi săn nhiều mã, cần domain expert xác nhận",151000.0,0.1845965770171149,False,0.005901981158928247,0.04749248677684159,0.050441762661024174
6d00dccc7d381161,26,24,8,869000.0,0.9230769230769232,"Trung bình - nghi săn nhiều mã, cần domain expert xác nhận",50000.0,0.0575373993095512,False,0.0038706388154427745,0.08680016140998248,0.2844256513841592
6e9b9f7e909de497,19,19,1,1024000.0,1.0,Rất cao - nghi tái sử dụng 1 mã / lỗi hệ thống,100000.0,0.09765625,False,0.005617341742198994,0.004735988367507216,0.02222930962938576
6f1f49bd6e0a4def,138,122,74,2924000.0,0.8840579710144928,"Trung bình - nghi săn nhiều mã, cần domain expert xác nhận",50000.0,0.0170998632010943,False,2.743512450402439e-05,0.002175376747131641,0.013429493444719939
6f7f792ecc32c4e8,37,37,3,708000.0,1.0,"Trung bình - nghi săn nhiều mã, cần domain expert xác nhận",39000.0,0.0550847457627118,False,0.002018767911421128,0.004926891108847697,0.10979765452548094
6f91f286e24de956,31,28,7,915000.0,0.9032258064516128,"Trung bình - nghi săn nhiều mã, cần domain expert xác nhận",134000.0,0.146448087431694,False,0.0004606814656300762,0.008479739732118907,0.04701122896783346
700046f7c13a6946,37,35,15,823000.0,0.945945945945946,"Trung bình - nghi săn nhiều mã, cần domain expert xác nhận",50000.0,0.0607533414337788,False,0.00040466808643435973,0.05695989099110532,0.18713041172119968
70074aa5f7504c89,25,24,5,697000.0,0.96,"Trung bình - nghi săn nhiều mã, cần domain expert xác nhận",72000.0,0.103299856527977,False,0.008719797071529086,0.04433058867775275,0.1135482646712186
700dc67381bc6ec9,25,25,25,1190000.0,1.0,"Trung bình - nghi săn nhiều mã, cần domain expert xác nhận",100000.0,0.0840336134453781,False,0.0011911416555497256,0.018077460787776722,0.010851734871529314
701c024b9415c90a,43,39,6,1537000.0,0.9069767441860463,"Trung bình - nghi săn nhiều mã, cần domain expert xác nhận",50000.0,0.0325309043591411,False,0.00032464897329762194,0.021737763648688624,0.06796594843796976
70b7492cc2373735,31,30,3,1043000.0,0.967741935483871,"Trung bình - nghi săn nhiều mã, cần domain expert xác nhận",136000.0,0.1303930968360498,False,4.343894713137195e-05,0.004404480613083628,0.011567334369009283
7194bc1945d649c5,26,24,17,703000.0,0.9230769230769232,"Trung bình - nghi săn nhiều mã, cần domain expert xác nhận",87000.0,0.12375533428165,False,0.00039895243549602135,0.01988703587485463,0.02625198475978834
71bbb552d87130a6,11,11,2,1433000.0,1.0,Rất cao - nghi tái sử dụng 1 mã / lỗi hệ thống,211000.0,0.1472435450104675,False,0.007873880732655,0.008231680481394998,0.03314277353104913
72042cdbe8740499,15,15,9,774000.0,1.0,"Trung bình - nghi săn nhiều mã, cần domain expert xác nhận",96000.0,0.1240310077519379,False,0.0025983349165686434,0.03273010353330108,0.012843067658446417
725dd3870f690f79,25,25,2,703000.0,1.0,Rất cao - nghi tái sử dụng 1 mã / lỗi hệ thống,50000.0,0.0711237553342816,False,0.004522223022413354,0.009884646732762459,0.08508775238885631
72b86be33a9770fd,33,28,8,847000.0,0.8484848484848485,"Trung bình - nghi săn nhiều mã, cần domain expert xác nhận",50000.0,0.0590318772136954,False,0.0003909505241823476,0.05374083638263316,0.5111655241080441
72c098cb0a078069,37,36,21,1098000.0,0.972972972972973,"Trung bình - nghi săn nhiều mã, cần domain expert xác nhận",50000.0,0.0455373406193078,False,3.4293905630030486e-05,0.015266503656301889,0.04619389088365106
7301e42722746e2d,38,35,15,839000.0,0.9210526315789472,"Trung bình - nghi săn nhiều mã, cần domain expert xác nhận",50000.0,0.0595947556615017,False,0.00023091229790887194,0.08831252264826683,0.1110333782583497
733cf9c1065bb64e,22,21,5,878000.0,0.9545454545454546,"Trung bình - nghi săn nhiều mã, cần domain expert xác nhận",50000.0,0.0569476082004555,False,0.014138234161073902,0.05415236325019346,0.0811759608866575
7438a2277b7f2a54,27,25,4,799000.0,0.925925925925926,"Trung bình - nghi săn nhiều mã, cần domain expert xác nhận",50000.0,0.0625782227784731,False,0.0014186245628955946,0.027806641815016353,0.24143138189578997
7480e94dd681971a,12,12,1,778000.0,1.0,Rất cao - nghi tái sử dụng 1 mã / lỗi hệ thống,100000.0,0.1285347043701799,False,0.007889884555282348,0.011340994591851117,0.01962068654112811
7485b713c1d6aaea,32,26,9,868000.0,0.8125,"Trung bình - nghi săn nhiều mã, cần domain expert xác nhận",124000.0,0.1428571428571428,False,0.0005669925730831708,0.04331777533147918,0.05842424076150761
751112e47e441cbf,37,36,20,1061000.0,0.972972972972973,"Trung bình - nghi săn nhiều mã, cần domain expert xác nhận",50000.0,0.0471253534401508,False,3.886642638070122e-05,0.06274527287089149,0.04548743642767244
7539f515e6ef753b,49,44,11,788000.0,0.8979591836734694,"Trung bình - nghi săn nhiều mã, cần domain expert xác nhận",50000.0,0.0634517766497461,False,0.00045153642412873473,0.04010100698338237,0.06446111128258064
7569962e9eacffa0,53,52,16,836000.0,0.981132075471698,"Trung bình - nghi săn nhiều mã, cần domain expert xác nhận",41000.0,0.0490430622009569,False,0.00015546570552280487,0.009409104574692684,0.04976617272011258
75b49f467578a0cf,20,20,11,976000.0,1.0,"Trung bình - nghi săn nhiều mã, cần domain expert xác nhận",70000.0,0.0717213114754098,False,0.0088501139129232,0.06800252860397515,0.012947092505524177
75d76602c02c9d89,35,31,7,906000.0,0.8857142857142857,"Trung bình - nghi săn nhiều mã, cần domain expert xác nhận",50000.0,0.0551876379690949,False,0.0012482981649331098,0.031800738690727304,0.11389234685770658
76ac6aeba34b4f99,24,23,5,875000.0,0.9583333333333334,"Trung bình - nghi săn nhiều mã, cần domain expert xác nhận",100000.0,0.1142857142857142,False,0.0016666838136194817,0.018889083221020786,0.014811537841610167
7785ba5b43d41e7a,30,26,17,693000.0,0.8666666666666667,"Trung bình - nghi săn nhiều mã, cần domain expert xác nhận",50000.0,0.0721500721500721,False,0.0017055502400001828,0.3470360348929058,0.1950683077443641
77e226b5d942e35d,53,43,10,684000.0,0.8113207547169812,"Trung bình - nghi săn nhiều mã, cần domain expert xác nhận",50000.0,0.0730994152046783,False,0.0001874733507775,0.029289281668421374,0.14828684794425182
77f3bd89bb114ad0,18,17,5,2833000.0,0.9444444444444444,"Trung bình - nghi săn nhiều mã, cần domain expert xác nhận",222000.0,0.0783621602541475,False,0.007614390180054436,0.010045828089223607,0.017261265833782014
782b2d8772d03c02,32,30,16,807000.0,0.9375,"Trung bình - nghi săn nhiều mã, cần domain expert xác nhận",50000.0,0.0619578686493184,False,0.0005555612712064939,0.010464213737909955,0.03644984916397174
789cb9bc304669be,48,42,36,842000.0,0.875,"Trung bình - nghi săn nhiều mã, cần domain expert xác nhận",43000.0,0.0510688836104513,False,5.2583988632713415e-05,0.0211707710756055,0.03910876998048677
79b2bbeed10c741b,36,34,17,716000.0,0.9444444444444444,"Trung bình - nghi săn nhiều mã, cần domain expert xác nhận",49000.0,0.0684357541899441,False,0.0006790193314746036,0.05071611390606445,0.09124236531925911
7a37c41260db6de0,132,129,68,3428000.0,0.9772727272727272,"Trung bình - nghi săn nhiều mã, cần domain expert xác nhận",50000.0,0.014585764294049,False,2.5148864128689025e-05,0.001662111292868862,0.01363640000868779
7acbe825eb4dedc8,36,31,7,675000.0,0.8611111111111112,"Trung bình - nghi săn nhiều mã, cần domain expert xác nhận",50000.0,0.074074074074074,False,0.0011488458386060213,0.1389783388260739,0.3829166052234191
7ae61cc15c489f0d,38,36,12,1224000.0,0.9473684210526316,"Trung bình - nghi săn nhiều mã, cần domain expert xác nhận",50000.0,0.0408496732026143,False,0.0004732558976944207,0.21303945742468777,0.1065946037396361
7b80dae289e01973,37,30,5,685000.0,0.8108108108108109,"Trung bình - nghi săn nhiều mã, cần domain expert xác nhận",50000.0,0.072992700729927,False,0.0006824487220376067,0.010745423764076167,0.869545982983364
7b8cbcb2632f4c71,61,61,3,1002000.0,1.0,"Trung bình - nghi săn nhiều mã, cần domain expert xác nhận",52000.0,0.0518962075848303,False,0.00015146474986596798,0.00312531793308346,0.017825972146489847
7c48a7ccf2bdecc8,32,32,9,903000.0,1.0,"Trung bình - nghi săn nhiều mã, cần domain expert xác nhận",50000.0,0.0553709856035437,False,0.0014757810722789786,0.11325219395261266,0.3448446543231469
7caed88907e680f7,40,39,16,925000.0,0.975,"Trung bình - nghi săn nhiều mã, cần domain expert xác nhận",50000.0,0.054054054054054,False,0.00036923105061666155,0.021315948609439306,0.029535054658769922
7ce86f2eaf9c6f63,184,173,87,4487000.0,0.9402173913043478,"Trung bình - nghi săn nhiều mã, cần domain expert xác nhận",50000.0,0.0111433028749721,False,2.4005733941021342e-05,0.001160277140482724,0.011442733178553505
7dfa628d8b3acc6a,25,24,11,911000.0,0.96,"Trung bình - nghi săn nhiều mã, cần domain expert xác nhận",87000.0,0.0954994511525795,False,0.00231369549983939,0.1099679809234434,0.012360666719250655
7e3e05e77808f79f,19,18,8,759000.0,0.9473684210526316,"Trung bình - nghi săn nhiều mã, cần domain expert xác nhận",50000.0,0.0658761528326745,False,0.0028681136408582166,0.03948257355185414,0.09930257627250395
7eb5fc47e670aa2b,33,33,8,669000.0,1.0,"Trung bình - nghi săn nhiều mã, cần domain expert xác nhận",50000.0,0.0747384155455904,False,0.0016381055589277896,0.05946563236247282,0.36971230842566966
7f3a873d6bb109a9,18,18,6,681000.0,1.0,"Trung bình - nghi săn nhiều mã, cần domain expert xác nhận",80000.0,0.1174743024963289,False,0.013030541009223918,0.1433908213504711,0.017571054114639953
7fbc99e5cc3ee174,23,21,5,729000.0,0.9130434782608696,"Trung bình - nghi săn nhiều mã, cần domain expert xác nhận",80000.0,0.1097393689986282,False,0.0009716606595175305,0.01311056012236067,0.06599862138499367
80fc282889e56d7e,9,8,2,839000.0,0.8888888888888888,Rất cao - nghi tái sử dụng 1 mã / lỗi hệ thống,160000.0,0.1907032181168057,False,0.016120421906489664,0.022617973893192755,0.09702660406885759
811569850e7fcfe3,31,29,5,796000.0,0.935483870967742,"Trung bình - nghi săn nhiều mã, cần domain expert xác nhận",31000.0,0.0389447236180904,False,0.004378188618767226,0.07178743265534282,0.05218617932740506
814ff718cbc40d33,33,27,10,698000.0,0.8181818181818182,"Trung bình - nghi săn nhiều mã, cần domain expert xác nhận",50000.0,0.0716332378223495,False,0.0008699220728151067,0.015930662295336795,0.8823478979550544
816a562bd45144e4,26,22,10,709000.0,0.8461538461538461,"Trung bình - nghi săn nhiều mã, cần domain expert xác nhận",65000.0,0.0916784203102961,False,0.0014049070006435824,0.07787803029523621,0.05658380115936264
831c6fef12422083,18,16,2,1522000.0,0.8888888888888888,Rất cao - nghi tái sử dụng 1 mã / lỗi hệ thống,115000.0,0.0755584756898817,False,0.00657642796965218,0.013089983778982628,0.02631942944086073
8372331b69d2452e,35,33,6,749000.0,0.9428571428571428,"Trung bình - nghi săn nhiều mã, cần domain expert xác nhận",50000.0,0.0667556742323097,False,0.0012734470290617988,0.016561670158929398,0.5434726694719082
849e9025df18596c,20,20,6,723000.0,1.0,"Trung bình - nghi săn nhiều mã, cần domain expert xác nhận",50000.0,0.0691562932226832,False,0.005017198393673461,0.0683831909564685,0.09836520951861645
8586cecd053b7130,32,30,13,1123000.0,0.9375,"Trung bình - nghi săn nhiều mã, cần domain expert xác nhận",50000.0,0.0445235975066785,False,0.0008482025992494208,0.027893519709279113,0.1959267985153025
8704bb6f1778c3a9,38,37,2,792000.0,0.9736842105263158,Rất cao - nghi tái sử dụng 1 mã / lỗi hệ thống,78000.0,0.0984848484848484,False,0.00024920238091155487,0.004007814437962942,0.018339237600752636
87d5c139dcd2fccd,17,14,1,677000.0,0.8235294117647058,Rất cao - nghi tái sử dụng 1 mã / lỗi hệ thống,99000.0,0.1462333825701624,False,0.011048353263808154,0.013853594744344666,0.01390274934241436
87dfff6954c65654,41,38,6,1269000.0,0.926829268292683,"Trung bình - nghi săn nhiều mã, cần domain expert xác nhận",156000.0,0.1229314420803782,False,6.172903013405488e-05,0.004742847148633267,0.017693369044720395
88914db308075884,20,19,2,3795000.0,0.95,Rất cao - nghi tái sử dụng 1 mã / lỗi hệ thống,291000.0,0.0766798418972332,False,0.003751753275925335,0.0032110526971584896,0.013136852116677013
88dcc67ff6aef410,19,19,2,702000.0,1.0,Rất cao - nghi tái sử dụng 1 mã / lỗi hệ thống,100000.0,0.1424501424501424,False,0.00271836358627375,0.021144479081289136,0.016565099549492392
89cb3800ad24bd8a,44,44,3,1228000.0,1.0,"Trung bình - nghi săn nhiều mã, cần domain expert xác nhận",30000.0,0.02442996742671,False,0.0012414393838071037,0.005503028723432224,0.020253980665096007
89d6a1a7859da760,25,22,12,693000.0,0.88,"Trung bình - nghi săn nhiều mã, cần domain expert xác nhận",119000.0,0.1717171717171717,False,0.0006378666447185671,0.1021706899133622,0.02814157896000302
8a72b4193f05e718,22,18,8,702000.0,0.8181818181818182,"Trung bình - nghi săn nhiều mã, cần domain expert xác nhận",50000.0,0.0712250712250712,False,0.010062975042038612,0.4389139805965082,0.3913128964518382
8b42950d71ed4241,107,106,2,2025000.0,0.9906542056074766,Rất cao - nghi tái sử dụng 1 mã / lỗi hệ thống,100000.0,0.0493827160493827,False,9.602293576408537e-05,0.0007464640125469657,0.011553616806757271
8bd2bdf16915e128,23,22,13,754000.0,0.9565217391304348,"Trung bình - nghi săn nhiều mã, cần domain expert xác nhận",50000.0,0.0663129973474801,False,0.007661258517748811,0.07638738853051763,0.11859518444977143
8bfcb51bb6e41706,121,115,59,2651000.0,0.950413223140496,"Trung bình - nghi săn nhiều mã, cần domain expert xác nhận",50000.0,0.0188608072425499,False,3.543703581769817e-05,0.0023468462752817,0.013949617680108734
8c2ad5d1ea559c74,26,24,7,763000.0,0.9230769230769232,"Trung bình - nghi săn nhiều mã, cần domain expert xác nhận",50000.0,0.0655307994757536,False,0.010637969526435457,0.03887900081276552,0.4946221440321174
8c48a0499d37edbe,39,36,24,827000.0,0.9230769230769232,"Trung bình - nghi săn nhiều mã, cần domain expert xác nhận",50000.0,0.060459492140266,False,6.515842069705792e-05,0.03123831863839477,0.08807932408998263
8cc3149ad5449ac9,25,24,9,830000.0,0.96,"Trung bình - nghi săn nhiều mã, cần domain expert xác nhận",50000.0,0.0602409638554216,False,0.010026394876033247,0.02386512892793824,0.2885134849352588
8dcfbe2de53d8218,29,25,8,1239000.0,0.8620689655172413,"Trung bình - nghi săn nhiều mã, cần domain expert xác nhận",50000.0,0.0403551251008878,False,0.004382761139517896,0.012973384499840535,0.09905223076140472
8ebcc8510f6d6dd2,35,35,16,684000.0,1.0,"Trung bình - nghi săn nhiều mã, cần domain expert xác nhận",50000.0,0.0730994152046783,False,0.0006424391654692378,0.048381842062847014,0.09462374441438012
8f156679e4eadf14,43,42,8,869000.0,0.9767441860465116,"Trung bình - nghi săn nhiều mã, cần domain expert xác nhận",50000.0,0.0575373993095512,False,0.0001211717998927744,0.06919138399914948,0.12486182413856567
8f22409c530da8c4,58,51,15,885000.0,0.8793103448275862,"Trung bình - nghi săn nhiều mã, cần domain expert xác nhận",50000.0,0.0564971751412429,False,0.0003075020204826067,0.009643446263164601,0.034432224382738276
8f78a03c3f554447,45,39,17,946000.0,0.8666666666666667,"Trung bình - nghi săn nhiều mã, cần domain expert xác nhận",50000.0,0.0528541226215644,False,0.00029149819785525915,0.01033161063614052,0.03518554717641128
90dbdc9d39881e2d,24,23,10,705000.0,0.9583333333333334,"Trung bình - nghi săn nhiều mã, cần domain expert xác nhận",50000.0,0.0709219858156028,False,0.002751514361716113,0.21385336611830708,0.06266068123700404
91149684c7f20756,11,11,1,3060000.0,1.0,Rất cao - nghi tái sử dụng 1 mã / lỗi hệ thống,508000.0,0.1660130718954248,False,0.007225725916247424,0.005699647115711026,0.014046783746060488
911c3095f146c6a0,35,35,8,835000.0,1.0,"Trung bình - nghi săn nhiều mã, cần domain expert xác nhận",70000.0,0.0838323353293413,False,0.0007441777521716616,0.015851786312387706,0.08483969313813242
914a01bbf3f2fea5,19,17,1,762000.0,0.8947368421052632,Rất cao - nghi tái sử dụng 1 mã / lỗi hệ thống,47000.0,0.0616797900262467,False,0.00653184589233314,0.004902885374906685,0.02021282797833997
91744557ac2dd4b2,15,15,7,688000.0,1.0,"Trung bình - nghi săn nhiều mã, cần domain expert xác nhận",62000.0,0.0901162790697674,False,0.007613247049866768,0.518094036175498,0.015631162186167898
9174d2263ade6a0c,7,7,3,908000.0,1.0,"Trung bình - nghi săn nhiều mã, cần domain expert xác nhận",222000.0,0.2444933920704846,False,0.021001016242736835,0.008888980339303854,0.06664906246177658
918287a41b752cae,40,37,25,758000.0,0.925,"Trung bình - nghi săn nhiều mã, cần domain expert xác nhận",50000.0,0.0659630606860158,False,0.0002617768129758994,0.007263449212440487,0.46364560220669854
944633f6b5b382a7,23,21,6,766000.0,0.9130434782608696,"Trung bình - nghi săn nhiều mã, cần domain expert xác nhận",50000.0,0.0652741514360313,False,0.012817347229223895,0.17401985159883904,0.4614210708614972
94eca40c7bd00872,40,36,13,696000.0,0.9,"Trung bình - nghi săn nhiều mã, cần domain expert xác nhận",33000.0,0.0474137931034482,False,0.001352323012010869,0.14327193581095365,0.0764113942644586
965fd6007ee10078,44,42,1,1235000.0,0.9545454545454546,Rất cao - nghi tái sử dụng 1 mã / lỗi hệ thống,30000.0,0.0242914979757085,False,0.001712409021126189,0.0025034551109922587,0.02374624338842078
96b647c8b8b55b9f,12,10,5,850000.0,0.8333333333333334,"Trung bình - nghi săn nhiều mã, cần domain expert xác nhận",319000.0,0.3752941176470588,False,0.012619014141663552,0.025017404157107292,0.024275512665310913
96c471ae3988bc20,21,19,5,753000.0,0.9047619047619048,"Trung bình - nghi săn nhiều mã, cần domain expert xác nhận",50000.0,0.0664010624169986,False,0.017436164752495167,0.058562559514215407,0.18534827175862578
97f42ca28c43097e,31,26,8,669000.0,0.8387096774193549,"Trung bình - nghi săn nhiều mã, cần domain expert xác nhận",50000.0,0.0747384155455904,False,0.0022302469961396495,0.3290443088692042,0.06636327991485966
981160cf2e81369e,33,29,4,980000.0,0.8787878787878788,"Trung bình - nghi săn nhiều mã, cần domain expert xác nhận",50000.0,0.0510204081632653,False,0.0026612070768903657,0.05262171192890641,0.14183044864430475
9840261c0eac32e7,25,24,2,689000.0,0.96,Rất cao - nghi tái sử dụng 1 mã / lỗi hệ thống,71000.0,0.1030478955007256,False,0.003079592725576738,0.012122895640215736,0.03831658076043307
99a389d5971e8a7f,30,25,4,765000.0,0.8333333333333334,"Trung bình - nghi săn nhiều mã, cần domain expert xác nhận",50000.0,0.065359477124183,False,0.0017295559739412042,0.05509887504558231,0.3246684065108123
99bd1393f204bc20,17,14,9,1235000.0,0.8235294117647058,"Trung bình - nghi săn nhiều mã, cần domain expert xác nhận",208000.0,0.1684210526315789,False,0.008277405688901692,0.11605171978221085,0.164615319544897
9a2758911cd8970c,41,39,12,683000.0,0.951219512195122,"Trung bình - nghi săn nhiều mã, cần domain expert xác nhận",50000.0,0.0732064421669106,False,0.0001474637942091311,0.009447971001073419,0.10055544695818773
9ac326c9c7372eeb,36,35,8,781000.0,0.9722222222222222,"Trung bình - nghi săn nhiều mã, cần domain expert xác nhận",50000.0,0.0640204865556978,False,0.0010002389142092225,0.0348860470672423,0.5275751579520137
9aec498dacec087f,18,15,12,685000.0,0.8333333333333334,"Trung bình - nghi săn nhiều mã, cần domain expert xác nhận",232000.0,0.3386861313868613,False,0.003637440257158567,0.012804201232065715,0.08715453176815947
9b4e1bf0c79e13ca,25,22,8,697000.0,0.88,"Trung bình - nghi săn nhiều mã, cần domain expert xác nhận",50000.0,0.0717360114777618,False,0.010241303351314771,0.037981643615446425,0.5476828179530883
9b51912f44da111b,17,17,3,1109000.0,1.0,"Trung bình - nghi săn nhiều mã, cần domain expert xác nhận",100000.0,0.0901713255184851,False,0.009127894548526447,0.04107609703346282,0.02076610298917113
9c4fb69104f90c32,46,42,10,1174000.0,0.9130434782608696,"Trung bình - nghi săn nhiều mã, cần domain expert xác nhận",50000.0,0.0425894378194207,False,0.00034979783742631097,0.10185175659100287,0.11751264016205014
9ca3022f480c87f6,62,57,7,1991000.0,0.9193548387096774,"Trung bình - nghi săn nhiều mã, cần domain expert xác nhận",50000.0,0.0251130085384229,False,0.0002457729903485518,0.0034431081252550566,0.017806538933299497
9d59d12411b30c48,30,29,12,872000.0,0.9666666666666668,"Trung bình - nghi săn nhiều mã, cần domain expert xác nhận",50000.0,0.0573394495412844,False,0.0014266264742092683,0.055079441832391995,0.33277777206212683
9d6d047f9d0502c3,5,5,2,900000.0,1.0,Rất cao - nghi tái sử dụng 1 mã / lỗi hệ thống,229000.0,0.2544444444444444,False,0.004554230667668049,0.013621539316248099,0.011113511684505212
9d8a7e5ca81b102c,23,20,13,1336000.0,0.8695652173913043,"Trung bình - nghi săn nhiều mã, cần domain expert xác nhận",211000.0,0.1579341317365269,False,0.0027172204560860823,0.06297618516880032,0.023288991313353703
9ef9a0be3e3eb707,7,7,5,767000.0,1.0,"Trung bình - nghi săn nhiều mã, cần domain expert xác nhận",275000.0,0.3585397653194263,False,0.019560100641181723,0.12175308159320342,0.02379882737705349
9f54ee3ab6782cea,21,17,7,833000.0,0.8095238095238095,"Trung bình - nghi săn nhiều mã, cần domain expert xác nhận",434000.0,0.5210084033613446,True,0.0002995001091689329,0.05873631530274093,0.01621072919131541
a177cc49da9f6b40,25,24,8,809000.0,0.96,"Trung bình - nghi săn nhiều mã, cần domain expert xác nhận",141000.0,0.1742892459826946,False,0.0017684224003219054,0.06572427013995341,0.05842309763131994
a19523ae8b17153c,56,54,1,1569000.0,0.9642857142857144,Rất cao - nghi tái sử dụng 1 mã / lỗi hệ thống,30000.0,0.0191204588910133,False,0.0015272219307240244,0.001585521570295123,0.011907987164934252
a23ac7d5a2e04d9f,26,24,10,852000.0,0.9230769230769232,"Trung bình - nghi săn nhiều mã, cần domain expert xác nhận",50000.0,0.0586854460093896,False,0.0052023854840756245,0.048409277187350996,0.040317058588851505
a29f77f258fcb9db,38,31,3,672000.0,0.8157894736842105,"Trung bình - nghi săn nhiều mã, cần domain expert xác nhận",49000.0,0.0729166666666666,False,0.0009693743991421952,0.020686083876034433,0.02515572290981503
a2cf8e077f1e7ffb,24,24,3,1395000.0,1.0,"Trung bình - nghi săn nhiều mã, cần domain expert xác nhận",100000.0,0.07168458781362,False,0.0010733992462199542,0.006534132152708483,0.011729658855658095
a33370aa37fe4327,40,39,4,793000.0,0.975,"Trung bình - nghi săn nhiều mã, cần domain expert xác nhận",35000.0,0.0441361916771752,False,0.0019158861945310366,0.013181434193996089,0.07018705039260806
a4276b2b13f59fbb,32,29,9,1036000.0,0.90625,"Trung bình - nghi săn nhiều mã, cần domain expert xác nhận",50000.0,0.0482625482625482,False,0.0008562045105630945,0.05549096869995229,0.46802379082546575
a4554015b0810987,5,5,1,676000.0,1.0,Rất cao - nghi tái sử dụng 1 mã / lỗi hệ thống,143000.0,0.2115384615384615,False,0.013519800729545686,0.04271648885276602,0.024817356374265395
a4922225195984ed,32,29,14,783000.0,0.90625,"Trung bình - nghi săn nhiều mã, cần domain expert xác nhận",57000.0,0.0727969348659003,False,0.00043438947131371953,0.049515827209013374,0.17964748151272705
a5083e02c89e7e34,56,56,16,916000.0,1.0,"Trung bình - nghi săn nhiều mã, cần domain expert xác nhận",50000.0,0.0545851528384279,False,0.00027778063560324694,0.07387021585727338,0.019826449974908292
a5a5e113b7eaf1b1,50,44,27,936830.0,0.88,"Trung bình - nghi săn nhiều mã, cần domain expert xác nhận",121000.0,0.1291589722788552,False,5.144085844504573e-05,0.0369196756711031,0.011831397442360518
a5eae72cf2e063fe,16,13,12,803000.0,0.8125,"Trung bình - nghi săn nhiều mã, cần domain expert xác nhận",100000.0,0.12453300124533,False,0.005203528614263293,0.04036049753598292,0.012612155360537546
a69873adbb01a578,20,20,1,1212000.0,1.0,Rất cao - nghi tái sử dụng 1 mã / lỗi hệ thống,97000.0,0.08003300330033,False,0.005108648808686875,0.00433817906219891,0.019677843050511495
a6e0b371b7c19778,34,33,6,1138000.0,0.9705882352941176,"Trung bình - nghi săn nhiều mã, cần domain expert xác nhận",50000.0,0.0439367311072056,False,0.00032922149404829266,0.025235742022951757,0.22889124373707548
a735c3f8ed160eee,40,39,25,740000.0,0.975,"Trung bình - nghi săn nhiều mã, cần domain expert xác nhận",67000.0,0.0905405405405405,False,0.00015889509608580792,0.02984941546037856,0.100870950889984
a87b2a2f11db0dd6,30,30,6,689000.0,1.0,"Trung bình - nghi săn nhiều mã, cần domain expert xác nhận",49000.0,0.0711175616835994,False,0.003128747323646448,0.08796158168065282,0.16113906064419958
a98a34555117a359,9,9,1,795000.0,1.0,Rất cao - nghi tái sử dụng 1 mã / lỗi hệ thống,100000.0,0.1257861635220125,False,0.016574244590993735,0.011188958276891259,0.024202352333300182
a9c9f3c455f2c44a,21,21,9,1017000.0,1.0,"Trung bình - nghi săn nhiều mã, cần domain expert xác nhận",72000.0,0.0707964601769911,False,0.010442494264344283,0.02283059610809901,0.01956695942230773
aa522961631b52a8,46,45,24,733000.0,0.9782608695652174,"Trung bình - nghi săn nhiều mã, cần domain expert xác nhận",50000.0,0.068212824010914,False,4.8011467882042685e-05,0.02327070123035102,0.03098111434616954
aa8a1e169553d044,30,27,8,1234000.0,0.9,"Trung bình - nghi săn nhiều mã, cần domain expert xác nhận",50000.0,0.0405186385737439,False,0.003072733944450732,0.03335882513651833,0.045522873463490134
aa8c4d2bdf82af2f,65,62,9,1274000.0,0.953846153846154,"Trung bình - nghi săn nhiều mã, cần domain expert xác nhận",78000.0,0.0612244897959183,False,5.944276975871951e-05,0.004729129586381164,0.0293555832193061
aad8357e12825b96,7,7,3,779000.0,1.0,"Trung bình - nghi săn nhiều mã, cần domain expert xác nhận",160000.0,0.2053915275994865,False,0.021001016242736835,0.03178130547753688,0.06509326227636086
abff53738c51780b,40,38,28,783000.0,0.95,"Trung bình - nghi săn nhiều mã, cần domain expert xác nhận",50000.0,0.0638569604086845,False,2.9721384879359756e-05,0.005952278887185636,0.044911298813087926
ac282f2ab6a4c007,12,10,4,759000.0,0.8333333333333334,"Trung bình - nghi săn nhiều mã, cần domain expert xác nhận",157000.0,0.2068511198945981,False,0.017831687797428185,0.049355788982739845,0.12297680245910166
aca9401dbd83f4e2,20,20,5,692000.0,1.0,"Trung bình - nghi săn nhiều mã, cần domain expert xác nhận",50000.0,0.0722543352601156,False,0.015389961716570016,0.03548161789501725,0.163858567360661
acd904eb7d2f1ccb,29,27,18,796000.0,0.9310344827586208,"Trung bình - nghi săn nhiều mã, cần domain expert xác nhận",50000.0,0.0628140703517587,False,0.0010493935122789328,0.04141789295957554,0.13850165353781646
acdefb39073c3215,34,34,6,743000.0,1.0,"Trung bình - nghi săn nhiều mã, cần domain expert xác nhận",50000.0,0.0672947510094212,False,0.0004618245958177439,0.04203289700054069,0.5514551475723916
ad019110a422bbec,23,23,7,783000.0,1.0,"Trung bình - nghi săn nhiều mã, cần domain expert xác nhận",50000.0,0.0638569604086845,False,0.011680504257588384,0.03082107611989604,0.20486721971305147
ae3c7ed271ab1203,36,35,13,765000.0,0.9722222222222222,"Trung bình - nghi săn nhiều mã, cần domain expert xác nhận",50000.0,0.065359477124183,False,0.0004149562581233689,0.14573538136537756,0.18915946780430984
af3fb770a33b98e6,13,12,6,698000.0,0.9230769230769232,"Trung bình - nghi săn nhiều mã, cần domain expert xác nhận",160000.0,0.2292263610315186,False,0.0063500881924939785,0.08123997617716694,0.11335164627893977
af8c93a2db40c330,102,84,36,2280000.0,0.8235294117647058,"Trung bình - nghi săn nhiều mã, cần domain expert xác nhận",50000.0,0.0219298245614035,False,1.7146952815015243e-05,0.003422531781877014,0.016341046032709527
b24d7aa00a1c73a2,52,49,33,669000.0,0.9423076923076924,"Trung bình - nghi săn nhiều mã, cần domain expert xác nhận",35000.0,0.0523168908819133,False,0.0003475115770509756,0.01711037264900983,0.19840167537160305
b28ed4974dad03f2,30,28,9,678000.0,0.9333333333333332,"Trung bình - nghi săn nhiều mã, cần domain expert xác nhận",50000.0,0.0737463126843657,False,0.0036042894817162044,0.3506071735991797,0.37309483065097837
b5b16267f246e304,32,32,13,834000.0,1.0,"Trung bình - nghi săn nhiều mã, cần domain expert xác nhận",50000.0,0.0599520383693045,False,0.00016575387721181402,0.01562544653522957,0.0882153565823151
b62c972047f45112,16,15,3,814000.0,0.9375,"Trung bình - nghi săn nhiều mã, cần domain expert xác nhận",100000.0,0.1228501228501228,False,0.01535795407131532,0.09551195657019795,0.03558564274209497
b63c29d340e1476a,33,30,9,714000.0,0.9090909090909092,"Trung bình - nghi săn nhiều mã, cần domain expert xác nhận",46000.0,0.0644257703081232,False,0.0026806402900807166,0.050127401859415555,0.42581370864583656
b70f81f7f9d63c6a,15,15,4,695000.0,1.0,"Trung bình - nghi săn nhiều mã, cần domain expert xác nhận",134000.0,0.1928057553956834,False,0.0006298647334048933,0.03611491201898509,0.01255499885115416
b7dd56ceaf413ae5,30,29,5,1163000.0,0.9666666666666668,"Trung bình - nghi săn nhiều mã, cần domain expert xác nhận",50000.0,0.0429922613929492,False,0.0027926670484721495,0.018029449319894697,0.10002046203035925
b8098116d620417c,76,74,35,1966000.0,0.9736842105263158,"Trung bình - nghi săn nhiều mã, cần domain expert xác nhận",50000.0,0.0254323499491353,False,2.1719473565685974e-05,0.005412721438606494,0.030682757367188278
b852080ad58efb87,28,24,10,951000.0,0.8571428571428571,"Trung bình - nghi săn nhiều mã, cần domain expert xác nhận",51000.0,0.0536277602523659,False,0.0050069102219844515,0.09425451336376345,0.11487200942853779
b887239f5c95624a,31,25,5,865000.0,0.8064516129032258,"Trung bình - nghi săn nhiều mã, cần domain expert xác nhận",80000.0,0.0924855491329479,False,0.002293119156461372,0.0187587663796267,0.05270858982316919
b8d67bec3f766382,22,21,6,755000.0,0.9545454545454546,"Trung bình - nghi săn nhiều mã, cần domain expert xác nhận",80000.0,0.1059602649006622,False,0.00867292873383471,0.026350293955927806,0.030899952102845137
b9145c05486be0c4,17,17,9,828000.0,1.0,"Trung bình - nghi săn nhiều mã, cần domain expert xác nhận",129000.0,0.1557971014492753,False,0.008053352172118826,0.1022872891925043,0.0409114862864387
bb01c352f20c8856,27,27,6,1432000.0,1.0,"Trung bình - nghi săn nhiều mã, cần domain expert xác nhận",100000.0,0.0698324022346368,False,0.0015638020967293903,0.01162106148782971,0.01163820844064468
bb089ae4f2a528f7,25,25,4,1449000.0,1.0,"Trung bình - nghi săn nhiều mã, cần domain expert xác nhận",100000.0,0.0690131124913733,False,0.0024783062468635366,0.011742233287722392,0.013459214829599298
bb36ef20e2b1330c,58,50,22,1114000.0,0.8620689655172413,"Trung bình - nghi săn nhiều mã, cần domain expert xác nhận",50000.0,0.044883303411131,False,0.00010745423764076219,0.01980473050134257,0.0286091192067591
bb3f67269ed487d0,37,34,10,680000.0,0.918918918918919,"Trung bình - nghi săn nhiều mã, cần domain expert xác nhận",41000.0,0.0602941176470588,False,0.0016609681626811434,0.07089121858821135,0.3127844250798191
bba45abd61bfaeb2,60,55,18,818000.0,0.9166666666666666,"Trung bình - nghi săn nhiều mã, cần domain expert xác nhận",50000.0,0.0611246943765281,False,7.201720182306402e-05,0.014445736181556534,0.058149889516467365
bbe55ed1a7de9c6f,33,30,23,685000.0,0.9090909090909092,"Trung bình - nghi săn nhiều mã, cần domain expert xác nhận",50000.0,0.072992700729927,False,0.0003326508846112957,0.05808015857501958,0.049871340697378
bc8f90c7d439763f,14,14,14,1156000.0,1.0,"Trung bình - nghi săn nhiều mã, cần domain expert xác nhận",100000.0,0.0865051903114186,False,0.000999095784021555,0.010443637394531913,0.009938373851582836
bce001ad6432483b,44,38,10,1401000.0,0.8636363636363636,"Trung bình - nghi săn nhiều mã, cần domain expert xác nhận",50000.0,0.0356887937187723,False,9.888076123325457e-05,0.04288338586016549,0.05155974398456317
bd69da6bbb89cb4c,48,44,3,685000.0,0.9166666666666666,"Trung bình - nghi săn nhiều mã, cần domain expert xác nhận",50000.0,0.072992700729927,False,0.0008573476407507622,0.006378666447185655,0.035850848945633874
bedf1562045fa898,19,19,7,696000.0,1.0,"Trung bình - nghi săn nhiều mã, cần domain expert xác nhận",50000.0,0.0718390804597701,False,0.02220073137469407,0.10773887705749141,0.06800481486435046
bf8461b50937492f,40,38,24,681000.0,0.95,"Trung bình - nghi săn nhiều mã, cần domain expert xác nhận",50000.0,0.0734214390602055,False,0.0002674924639142378,0.03296215896139765,0.5075738090583922
bfadfdc12ce4e707,30,28,11,863000.0,0.9333333333333332,"Trung bình - nghi săn nhiều mã, cần domain expert xác nhận",50000.0,0.0579374275782155,False,0.0003417959261126372,0.0514945855638661,0.27357505964281753
c043e517d70726f1,48,47,18,1531000.0,0.9791666666666666,"Trung bình - nghi săn nhiều mã, cần domain expert xác nhận",50000.0,0.0326583932070542,False,5.8299639571051825e-05,0.012916227990457108,0.028290185884399816
c0ccffff3a910e25,25,24,8,691000.0,0.96,"Trung bình - nghi săn nhiều mã, cần domain expert xác nhận",50000.0,0.0723589001447178,False,0.004007814437962896,0.05418894341619884,0.342704714611833
c0d495181a611e72,21,20,4,707000.0,0.9523809523809524,"Trung bình - nghi săn nhiều mã, cần domain expert xác nhận",50000.0,0.0707213578500707,False,0.003748323885362332,0.046559692543704734,0.10998627100644612
c1e410e4e6990f16,33,28,11,726000.0,0.8484848484848485,"Trung bình - nghi săn nhiều mã, cần domain expert xác nhận",50000.0,0.0688705234159779,False,0.0019821877454157624,0.13991913497052444,0.4468804548743643
c1f36a39199a2d25,24,23,7,1323000.0,0.9583333333333334,"Trung bình - nghi săn nhiều mã, cần domain expert xác nhận",160000.0,0.1209372637944066,False,0.000234341688471875,0.008674071864022359,0.01205773721951872
c24ccdddd27f30bd,34,29,9,1077000.0,0.8529411764705882,"Trung bình - nghi săn nhiều mã, cần domain expert xác nhận",50000.0,0.0464252553389043,False,0.0008710652030027744,0.15813948703175962,0.36249115503017293
c30659b71e6e06fb,31,31,13,682000.0,1.0,"Trung bình - nghi săn nhiều mã, cần domain expert xác nhận",66000.0,0.0967741935483871,False,0.0013168859761931706,0.053680822047780574,0.04260903461512521
c332b5bd205ba277,23,22,6,867000.0,0.9565217391304348,"Trung bình - nghi săn nhiều mã, cần domain expert xác nhận",50000.0,0.0576701268742791,False,0.003879783856944116,0.250082591156059,0.01808089017833974
c3d2908591cb7e0d,37,34,8,696000.0,0.918918918918919,"Trung bình - nghi săn nhiều mã, cần domain expert xác nhận",146000.0,0.2097701149425287,False,0.00014403440364612805,0.006434679826381351,0.025660986452764146
c46050ed0ad41a6f,26,24,3,853000.0,0.9230769230769232,"Trung bình - nghi săn nhiều mã, cần domain expert xác nhận",50000.0,0.0586166471277842,False,0.008207674747453963,0.023646791062093664,0.21739935596045226
c4b5e9e502b954d5,37,33,8,1046000.0,0.8918918918918919,"Trung bình - nghi săn nhiều mã, cần domain expert xác nhận",50000.0,0.0478011472275334,False,0.0010894030688473018,0.10424089868322839,0.09169847426413852
c4c59359780925a5,304,272,92,1110000.0,0.8947368421052632,"Trung bình - nghi săn nhiều mã, cần domain expert xác nhận",19000.0,0.0171171171171171,False,0.00014289127345846036,0.0010048114349598958,0.010452782436033292
c4eda67ed16fa36e,5,5,2,838000.0,1.0,Rất cao - nghi tái sử dụng 1 mã / lỗi hệ thống,208000.0,0.2482100238663484,False,0.010072120083539955,0.006216341960536886,0.013590674801181082
c530fcfdfaf212e5,11,10,4,874000.0,0.9090909090909092,"Trung bình - nghi săn nhiều mã, cần domain expert xác nhận",271000.0,0.3100686498855835,False,0.015207060886543186,0.06691655492569082,0.08169036947110796
c64c5318b6c91148,32,27,5,1265000.0,0.84375,"Trung bình - nghi săn nhiều mã, cần domain expert xác nhận",80000.0,0.0632411067193675,False,0.0014163383025202591,0.01812661538584648,0.028566823389815397
c654fc7d88970694,19,19,6,797000.0,1.0,"Trung bình - nghi săn nhiều mã, cần domain expert xác nhận",50000.0,0.0627352572145545,False,0.01508588908665041,0.028713144053836848,0.09761302985513111
c6da2b546cd21f06,28,27,5,879000.0,0.9642857142857144,"Trung bình - nghi săn nhiều mã, cần domain expert xác nhận",50000.0,0.0568828213879408,False,0.0057796662288478046,0.028921193747992402,0.19305639861406895
c71289b29b5994f5,40,33,7,1050000.0,0.825,"Trung bình - nghi săn nhiều mã, cần domain expert xác nhận",50000.0,0.0476190476190476,False,0.00022976916772120428,0.008469451560429886,0.280456703372577
c7190c264ac755e4,21,18,7,1331000.0,0.8571428571428571,"Trung bình - nghi săn nhiều mã, cần domain expert xác nhận",156000.0,0.1172051089406461,False,0.0024565867732978504,0.027659178020807307,0.07671318063400287
c7448d9011c77f94,47,42,27,822000.0,0.8936170212765957,"Trung bình - nghi săn nhiều mã, cần domain expert xác nhận",50000.0,0.0608272506082725,False,0.00012345806026810977,0.020777534291047783,0.14074218870564512
c81b8f640a0f302b,33,27,12,723000.0,0.8181818181818182,"Trung bình - nghi săn nhiều mã, cần domain expert xác nhận",50000.0,0.0691562932226832,False,0.0011831397442360518,0.041960879798717654,0.36866291491339076
c81c4730b6506afb,26,22,10,895000.0,0.8461538461538461,"Trung bình - nghi săn nhiều mã, cần domain expert xác nhận",50000.0,0.0558659217877094,False,0.007205149572869406,0.04107724016365055,0.07712356437137556
c84b2b9aaf8c91d3,23,23,3,670000.0,1.0,"Trung bình - nghi săn nhiều mã, cần domain expert xác nhận",100000.0,0.1492537313432835,False,0.0020930713736195274,0.029108667098769914,0.022382489074533232
cb3a42f41d8ed1bc,62,62,21,1197000.0,1.0,"Trung bình - nghi săn nhiều mã, cần domain expert xác nhận",99000.0,0.0827067669172932,False,4.229581694370427e-05,0.01103349257136843,0.014979577979197316
cb9e6337b6e28805,45,43,23,690000.0,0.9555555555555556,"Trung bình - nghi săn nhiều mã, cần domain expert xác nhận",46000.0,0.0666666666666666,False,0.0003669447902413262,0.05295207655314238,0.24675836857032138
cbd51e565c5a52d5,46,39,4,901000.0,0.8478260869565217,"Trung bình - nghi săn nhiều mã, cần domain expert xác nhận",50000.0,0.0554938956714761,False,0.0001417481432707927,0.016251881878071472,0.1207717043270907
cbed8ba8a67156c9,18,17,4,687000.0,0.9444444444444444,"Trung bình - nghi săn nhiều mã, cần domain expert xác nhận",50000.0,0.0727802037845705,False,0.017885414916248565,0.12415308342221165,0.10982966217073564
cc245791d7156dff,21,18,9,1850000.0,0.8571428571428571,"Trung bình - nghi săn nhiều mã, cần domain expert xác nhận",230000.0,0.1243243243243243,False,0.004434201997962942,0.017381294503487132,0.04818293741019283
cc3d085850e978bc,39,37,21,922000.0,0.9487179487179488,"Trung bình - nghi săn nhiều mã, cần domain expert xác nhận",50000.0,0.054229934924078,False,0.0002354848186595427,0.007910460898660321,0.48233120825431447
cca3b934efccef89,38,35,13,1189000.0,0.9210526315789472,"Trung bình - nghi săn nhiều mã, cần domain expert xác nhận",50000.0,0.0420521446593776,False,0.00031893332235928356,0.03378864208708132,0.06702858168408225
cd1f233425c94c05,35,34,4,675000.0,0.9714285714285714,"Trung bình - nghi săn nhiều mã, cần domain expert xác nhận",50000.0,0.074074074074074,False,0.0011019775009116462,0.015068742133835356,0.3789762354665286
cdd6f632560019c8,21,19,7,864000.0,0.9047619047619048,"Trung bình - nghi săn nhiều mã, cần domain expert xác nhận",143000.0,0.1655092592592592,False,0.003864923164504436,0.028110714444935958,0.15381159614124973
ce9d166928117fb7,18,17,8,741000.0,0.9444444444444444,"Trung bình - nghi săn nhiều mã, cần domain expert xác nhận",50000.0,0.0674763832658569,False,0.010463070607722301,0.021676034618554607,0.035320436538556065
cecfa903219a2235,42,37,22,857000.0,0.8809523809523809,"Trung bình - nghi săn nhiều mã, cần domain expert xác nhận",104000.0,0.1213535589264877,False,4.4582077319039634e-05,0.09907852275572104,0.01797800846144965
cf8ed147ce1b6d6a,40,39,27,719000.0,0.975,"Trung bình - nghi săn nhiều mã, cần domain expert xác nhận",32000.0,0.0445062586926286,False,0.00046296772600541155,0.028154153392067394,0.0905210501708408
d02ca66a960b049f,9,9,1,723000.0,1.0,Rất cao - nghi tái sử dụng 1 mã / lỗi hệ thống,100000.0,0.1383125864453665,False,0.00745435195378096,0.010529372158607053,0.012971098239465198
d05fd17a321a6eba,23,23,7,789000.0,1.0,"Trung bình - nghi săn nhiều mã, cần domain expert xác nhận",50000.0,0.0633713561470215,False,0.0013031684139411584,0.11701537853041466,0.0776528336482657
d0dba09514e71a2b,48,47,37,836000.0,0.9791666666666666,"Trung bình - nghi săn nhiều mã, cần domain expert xác nhận",30000.0,0.0358851674641148,False,9.030728482574695e-05,0.017117231430135882,0.06365863389083792
d0f41f08e35929f3,11,10,4,1559000.0,0.9090909090909092,"Trung bình - nghi săn nhiều mã, cần domain expert xác nhận",208000.0,0.1334188582424631,False,0.016178721546060718,0.010036683047722206,0.027703760098126296
d147869648f3e847,28,27,5,679000.0,0.9642857142857144,"Trung bình - nghi săn nhiều mã, cần domain expert xác nhận",50000.0,0.0736377025036818,False,0.0009533705765148475,0.02083354767024348,0.241462246410857
d3b4a0de12baf1c8,29,26,21,978000.0,0.896551724137931,"Trung bình - nghi săn nhiều mã, cần domain expert xác nhận",100000.0,0.1022494887525562,False,0.00015775196589814025,0.007590384446113374,0.012964239458339192
d4030effe6ded4c0,30,26,11,830000.0,0.8666666666666667,"Trung bình - nghi săn nhiều mã, cần domain expert xác nhận",50000.0,0.0602409638554216,False,0.0016278173872387805,0.1924688296976078,0.4341665609271243
d457031a98f64824,30,29,4,802000.0,0.9666666666666668,"Trung bình - nghi săn nhiều mã, cần domain expert xác nhận",50000.0,0.0623441396508728,False,0.0031127435010191006,0.023676512446972997,0.24230130396860508
d4ae6713803f8127,79,74,46,669000.0,0.9367088607594936,"Trung bình - nghi săn nhiều mã, cần domain expert xác nhận",30000.0,0.0448430493273542,False,0.00013145997158178354,0.004190715267989753,0.06217713716762061
d5151b264eec80a0,55,52,17,673000.0,0.9454545454545454,"Trung bình - nghi săn nhiều mã, cần domain expert xác nhận",32000.0,0.0475482912332838,False,0.0004778284184450915,0.11450277837792111,0.04201917943828869
d5f15605954bd058,53,51,26,902000.0,0.9622641509433962,"Trung bình - nghi săn nhiều mã, cần domain expert xác nhận",39000.0,0.0432372505543237,False,0.00025834742241289635,0.02318953898702658,0.051843240271104755
d7c110dbdab41819,30,27,10,1130000.0,0.9,"Trung bình - nghi săn nhiều mã, cần domain expert xác nhận",50000.0,0.0442477876106194,False,0.001853014034209314,0.026432599329439865,0.20380296550833285
d8a9ac96ff7d8c18,43,36,5,1381000.0,0.8372093023255814,"Trung bình - nghi săn nhiều mã, cần domain expert xác nhận",100000.0,0.0724112961622013,False,9.145041501341464e-05,0.015131614294157103,0.02087241409662422
d938b03bbf02a6df,72,72,6,2143000.0,1.0,"Trung bình - nghi săn nhiều mã, cần domain expert xác nhận",136000.0,0.0634624358376108,False,7.887598294907013e-05,0.003263636685791216,0.013272884609009467
d94b2bdbf0f7b51f,27,25,8,729000.0,0.925925925925926,"Trung bình - nghi săn nhiều mã, cần domain expert xác nhận",50000.0,0.0685871056241426,False,0.008116224332440549,0.09227575500891072,0.37846068375189046
d95b5e000559ad65,39,38,16,906000.0,0.9743589743589745,"Trung bình - nghi săn nhiều mã, cần domain expert xác nhận",101000.0,0.1114790286975717,False,1.0288171689009146e-05,0.012799628711315014,0.022414496719787926
da0ce35afc466dec,35,29,19,689000.0,0.8285714285714286,"Trung bình - nghi săn nhiều mã, cần domain expert xác nhận",50000.0,0.0725689404934687,False,0.0003543703581769817,0.0414304673916398,0.20608008084216686
da22eb6fa174b2c7,16,16,1,861000.0,1.0,Rất cao - nghi tái sử dụng 1 mã / lỗi hệ thống,100000.0,0.1161440185830429,False,0.0015946666117964176,0.007506935942413695,0.016938903120859727
da5395e23fb77e8b,68,67,7,683000.0,0.9852941176470588,"Trung bình - nghi săn nhiều mã, cần domain expert xác nhận",40000.0,0.0585651537335285,False,0.0005407005787668141,0.004965757535228432,0.0320156471660088
dba01f04b2bfc823,104,89,28,673000.0,0.8557692307692307,"Trung bình - nghi săn nhiều mã, cần domain expert xác nhận",30000.0,0.0445765230312035,False,0.00010516797726542683,0.005624200523325018,0.019809303022093275
dc3a78e521e1ec74,23,21,3,889000.0,0.9130434782608696,"Trung bình - nghi săn nhiều mã, cần domain expert xác nhận",50000.0,0.0562429696287964,False,0.010528229028419359,0.01049164886241405,0.08976887050735548
dddde805c22b0e81,68,65,38,958000.0,0.9558823529411764,"Trung bình - nghi săn nhiều mã, cần domain expert xác nhận",50000.0,0.0521920668058455,False,3.200764525469512e-05,0.017990582893513962,0.034826604297483625
df39fe3d472cd132,39,33,17,963000.0,0.8461538461538461,"Trung bình - nghi săn nhiều mã, cần domain expert xác nhận",50000.0,0.0519210799584631,False,0.00025034551109922253,0.018715327432495266,0.11652840507046826
df6ab4255c5f0f2c,45,38,8,741000.0,0.8444444444444444,"Trung bình - nghi săn nhiều mã, cần domain expert xác nhận",50000.0,0.0674763832658569,False,0.0005727082240215091,0.06924511111796994,0.13018195203197105
e195625ebf3ff777,21,21,5,825000.0,1.0,"Trung bình - nghi săn nhiều mã, cần domain expert xác nhận",50000.0,0.0606060606060606,False,0.01439086593254846,0.043099437465634605,0.0823499555893922
e2af592f514c0bc7,35,33,6,1061000.0,0.9428571428571428,"Trung bình - nghi săn nhiều mã, cần domain expert xác nhận",50000.0,0.0471253534401508,False,0.0006630155088472561,0.04059369609426711,0.4217693140418683
e34cceb2b00f4b00,80,69,37,1686000.0,0.8625,"Trung bình - nghi săn nhiều mã, cần domain expert xác nhận",50000.0,0.029655990510083,False,2.057634337801829e-05,0.007274880514317128,0.02677896777630314
e39b5b62da045180,46,45,10,1246000.0,0.9782608695652174,"Trung bình - nghi săn nhiều mã, cần domain expert xác nhận",50000.0,0.0401284109149277,False,0.00022519664697053353,0.02769004253587426,0.12004124413717104
e3a437e12cd7eb5f,184,157,51,2915000.0,0.8532608695652174,"Trung bình - nghi săn nhiều mã, cần domain expert xác nhận",50000.0,0.0171526586620926,False,4.572520750670732e-05,0.0045005035488476786,0.011018631878928795
e3f6017a105b8b56,49,45,40,801000.0,0.9183673469387756,"Trung bình - nghi săn nhiều mã, cần domain expert xác nhận",50000.0,0.062421972534332,False,3.772329619303354e-05,0.004061541556783288,0.05026229122156035
e4b93de2fd86acb5,61,58,39,705000.0,0.9508196721311476,"Trung bình - nghi săn nhiều mã, cần domain expert xác nhận",30000.0,0.0425531914893617,False,0.00011145519329759909,0.031146868223381308,0.13157885712130096
e667d747eaf58e1e,17,16,5,724000.0,0.9411764705882352,"Trung bình - nghi săn nhiều mã, cần domain expert xác nhận",50000.0,0.0690607734806629,False,0.02496367703828686,0.10131219914242373,0.10532572923132497
e7a3731679e524cc,27,23,14,780000.0,0.8518518518518519,"Trung bình - nghi săn nhiều mã, cần domain expert xác nhận",50000.0,0.0641025641025641,False,0.005467591687614528,0.06490350266520806,0.09680140742188706
e801555891e70f4e,24,21,11,1470000.0,0.875,"Trung bình - nghi săn nhiều mã, cần domain expert xác nhận",277000.0,0.1884353741496598,False,0.0006915937635389481,0.01605069096504197,0.05201356666906724
e83861c67fc07896,54,48,8,1171000.0,0.8888888888888888,"Trung bình - nghi săn nhiều mã, cần domain expert xác nhận",50000.0,0.0426985482493595,False,0.00010974049801609756,0.010735135592387257,0.057564606860381506
e843fcfa7018b43b,17,14,2,679000.0,0.8235294117647058,Rất cao - nghi tái sử dụng 1 mã / lỗi hệ thống,100000.0,0.1472754050073637,False,0.004337035932011189,0.02586446362616901,0.014324564381663735
e8a41e21c7e934ff,32,30,17,685000.0,0.9375,"Trung bình - nghi săn nhiều mã, cần domain expert xác nhận",67000.0,0.0978102189781021,False,5.029772825737805e-05,0.03029523623356889,0.03375549131163901
e91b2b6e5c8d8602,54,51,29,972000.0,0.9444444444444444,"Trung bình - nghi săn nhiều mã, cần domain expert xác nhận",39000.0,0.0401234567901234,False,0.0002412004695978811,0.004994335789920146,0.03522441360279198
ea18228e4f10f1ba,10,10,5,769000.0,1.0,"Trung bình - nghi săn nhiều mã, cần domain expert xác nhận",145000.0,0.188556566970091,False,0.01603468714241459,0.0340492757698696,0.07618962700805107
ea42a3f379a88294,70,63,35,745000.0,0.9,"Trung bình - nghi săn nhiều mã, cần domain expert xác nhận",50000.0,0.0671140939597315,False,6.34437254155564e-05,0.0034819745516357914,0.08488427521545146
eb1e1e75cf4bed3a,36,34,10,3772000.0,0.9444444444444444,"Trung bình - nghi săn nhiều mã, cần domain expert xác nhận",311000.0,0.0824496288441145,False,8.916415463807927e-05,0.005423009610295515,0.011758237110349786
ebaf5d94f3a51a49,71,62,41,1002000.0,0.8732394366197183,"Trung bình - nghi săn nhiều mã, cần domain expert xác nhận",30000.0,0.029940119760479,False,0.00021833786584452743,0.036152635315178094,0.032073946805579845
ec41a52debba33b0,24,24,12,803000.0,1.0,"Trung bình - nghi săn nhiều mã, cần domain expert xác nhận",50000.0,0.062266500622665,False,0.0016346761683647866,0.0370831432879396,0.04723756874499166
ed63a68bf56f0f11,27,24,12,792000.0,0.8888888888888888,"Trung bình - nghi săn nhiều mã, cần domain expert xác nhận",50000.0,0.0631313131313131,False,0.005033202216300808,0.3020915853043755,0.10401112951550713
ed65b71c68a90c16,16,15,7,1576000.0,0.9375,"Trung bình - nghi săn nhiều mã, cần domain expert xác nhận",160000.0,0.1015228426395939,False,0.00804649339099282,0.04305828477887863,0.016854311486972317
ed92e0982dbe60b2,11,11,1,888000.0,1.0,Rất cao - nghi tái sử dụng 1 mã / lỗi hệ thống,100000.0,0.1126126126126126,False,0.004559946318606387,0.007450922563217999,0.011768525282038795
eeccdb2f99aad681,17,17,17,851000.0,1.0,"Trung bình - nghi săn nhiều mã, cần domain expert xác nhận",100000.0,0.117508813160987,False,0.005344133627346418,0.03334396444407861,0.010852878001716982
ef50b1b1bf812020,44,40,12,952000.0,0.9090909090909092,"Trung bình - nghi săn nhiều mã, cần domain expert xác nhận",50000.0,0.0525210084033613,False,0.0003086451506702744,0.019937333603112006,0.11444447873835008
efc3bf2971d1c972,10,10,4,1530000.0,1.0,"Trung bình - nghi săn nhiều mã, cần domain expert xác nhận",212000.0,0.1385620915032679,False,0.0030087186539413413,0.009001007097695357,0.016430210187347607
f0eb9c89a8f88566,32,30,8,928000.0,0.9375,"Trung bình - nghi săn nhiều mã, cần domain expert xác nhận",65000.0,0.0700431034482758,False,0.0006252922126542225,0.12750931365320406,0.4211851745159701
f11612316e1ea072,54,46,25,1100000.0,0.8518518518518519,"Trung bình - nghi săn nhiều mã, cần domain expert xác nhận",50000.0,0.0454545454545454,False,9.888076123325457e-05,0.027068179713783058,0.03309361893297942
f14ecb532ab90766,45,41,11,1110000.0,0.9111111111111112,"Trung bình - nghi săn nhiều mã, cần domain expert xác nhận",111000.0,0.1,False,1.143130187667683e-05,0.04576750332365098,0.014781816456730807
f1a897b56a618b68,28,26,10,930000.0,0.9285714285714286,"Trung bình - nghi săn nhiều mã, cần domain expert xác nhận",118000.0,0.1268817204301075,False,0.00038980739399467986,0.05649006448397387,0.018206634498983187
f1aca47ed38a98ab,30,28,3,1014000.0,0.9333333333333332,"Trung bình - nghi săn nhiều mã, cần domain expert xác nhận",50000.0,0.04930966469428,False,0.002909266327614253,0.008022487657051824,0.14217338770060506
f1c47ed382e4dcd3,17,14,8,969000.0,0.8235294117647058,"Trung bình - nghi săn nhiều mã, cần domain expert xác nhận",197000.0,0.2033023735810113,False,0.00606316251538939,0.05283433414381267,0.2434787280619028
f29c065633859ea6,31,29,11,806000.0,0.935483870967742,"Trung bình - nghi săn nhiều mã, cần domain expert xác nhận",50000.0,0.0620347394540942,False,0.0025571822298126067,0.005937418194745914,0.16929415140302084
f3a03a4c20b24ae0,10,9,2,1013000.0,0.9,Rất cao - nghi tái sử dụng 1 mã / lỗi hệ thống,160000.0,0.1579466929911155,False,0.011715941293406083,0.01284421078863407,0.06134951091174921
f42a7c4ae1d219f8,48,43,25,734000.0,0.8958333333333334,"Trung bình - nghi săn nhiều mã, cần domain expert xác nhận",33000.0,0.044959128065395,False,0.00026406307335123474,0.0506715318287454,0.25025291755402146
f47afc77796dfedc,74,63,44,692000.0,0.8513513513513513,"Trung bình - nghi săn nhiều mã, cần domain expert xác nhận",30000.0,0.0433526011560693,False,7.087407163539634e-05,0.00556247149319089,0.036361828139521324
f4edcb59d3a6a901,9,9,9,750000.0,1.0,"Trung bình - nghi săn nhiều mã, cần domain expert xác nhận",100000.0,0.1333333333333333,False,0.014298272387347377,0.06067392097083757,0.011206105229706295
f5891f4ab68a7d29,44,36,28,725000.0,0.8181818181818182,"Trung bình - nghi săn nhiều mã, cần domain expert xác nhận",50000.0,0.0689655172413793,False,0.00025720429222522863,0.035634797340164726,0.042011177526975016
f5af7ded272c3154,14,13,3,1211000.0,0.9285714285714286,"Trung bình - nghi săn nhiều mã, cần domain expert xác nhận",160000.0,0.1321222130470685,False,0.0014334852553352744,0.010980908582735815,0.014806965320859497
f89b8475159ebc99,26,23,7,737000.0,0.8846153846153846,"Trung bình - nghi săn nhiều mã, cần domain expert xác nhận",50000.0,0.0678426051560379,False,0.010208152575872409,0.077269885035397,0.8240139644783725
f8a97e837aa3f35d,26,26,3,754000.0,1.0,"Trung bình - nghi săn nhiều mã, cần domain expert xác nhận",100000.0,0.1326259946949602,False,0.0035345585402684755,0.010549948501985096,0.03575711227024512
f8af44e15ea5dc13,8,7,2,674000.0,0.875,Rất cao - nghi tái sử dụng 1 mã / lỗi hệ thống,144000.0,0.2136498516320474,False,0.01288650660557779,0.06288816414434995,0.03181445625297928
f9065fedae959042,7,7,1,1447000.0,1.0,Rất cao - nghi tái sử dụng 1 mã / lỗi hệ thống,210000.0,0.1451278507256392,False,0.010844876090403308,0.012485267909706388,0.017254407052656007
f92a2c541451dddc,32,31,3,822000.0,0.96875,"Trung bình - nghi săn nhiều mã, cần domain expert xác nhận",80000.0,0.097323600973236,False,0.0003303646242359604,0.01362382557662345,0.025786730773407592
fb2d8233b4054fc8,75,75,14,3363000.0,1.0,"Trung bình - nghi săn nhiều mã, cần domain expert xác nhận",50000.0,0.0148676776687481,False,0.00021262221490618902,0.011926277247936934,0.011022061269491798
fb317147e40d4e6b,30,26,14,789000.0,0.8666666666666667,"Trung bình - nghi săn nhiều mã, cần domain expert xác nhận",50000.0,0.0633713561470215,False,0.0021788061376946037,0.04607157595357059,0.15883451018586153
fd3ddff52a2fe154,31,30,6,1034000.0,0.967741935483871,"Trung bình - nghi săn nhiều mã, cần domain expert xác nhận",50000.0,0.0483558994197292,False,0.0015329375816623629,0.0399901233551786,0.07845073851925774
feb79419ea7c9068,14,12,2,776000.0,0.8571428571428571,Rất cao - nghi tái sử dụng 1 mã / lỗi hệ thống,100000.0,0.1288659793814432,False,0.002977854138874314,0.0149304233811276,0.016154715812119694
feffdcc22e93d3e0,29,25,5,1005000.0,0.8620689655172413,"Trung bình - nghi săn nhiều mã, cần domain expert xác nhận",50000.0,0.0497512437810945,False,0.0040318201719039175,0.0755540466237078,0.2496401997734316
ff32d203f27f51a6,50,48,31,976000.0,0.96,"Trung bình - nghi săn nhiều mã, cần domain expert xác nhận",100000.0,0.1024590163934426,False,8.573476407507622e-05,0.0459972724913722,0.012548140070028154
ff69abb180b91282,20,19,10,766000.0,0.95,"Trung bình - nghi săn nhiều mã, cần domain expert xác nhận",50000.0,0.0652741514360313,False,0.017521899516570242,0.06691884118606617,0.07630051063625483
